engine,concurrency,pattern,repeat,phase,wall_seconds,sampled_peak_pool_bytes,sampled_peak_query_bytes,query_reserved_bytes_after,query_budget_waits_total,query_budget_bypasses_total,query_coalesced_reads_total,load_bytes_total,ssd_prefetch_bytes_total,save_bytes_total,ssd_write_bytes_total,ssd_prefetch_failures_total,ssd_write_failures_total,load_duration_seconds_sum,ssd_prefetch_duration_seconds_sum,evicted_blocks,still_referenced_blocks
vllm,1,shared,0,cold,0.21656590327620506,264241152.0,0.0,0.0,0,0,0,0,0,150994944.0,150994944.0,0,0,0,0,,
vllm,1,shared,0,after_pressure,0.11837096139788628,3888119808.0,0.0,0.0,0,0,0,150994944.0,0,0,0,0,0,0.004736458,0,,
vllm,1,shared,0,after_host_eviction,0.16162876039743423,150994944.0,150994944.0,0.0,0,0,0,150994944.0,150994944.0,0,0,0,0,0.004646704000000001,0.04390822,796,0
vllm,1,shared,1,cold,0.5682269148528576,754974720.0,0.0,0.0,0,0,0,0,0,603979776.0,603979776.0,0,0,0,0,,
vllm,1,shared,1,after_pressure,0.13590598106384277,4378853376.0,0.0,0.0,0,0,0,603979776.0,0,0,0,0,0,0.018411214,0,,
vllm,1,shared,1,after_host_eviction,0.22317172959446907,603979776.0,603979776.0,0.0,0,0,0,603979776.0,603979776.0,0,0,0,0,0.018430146000000005,0.08773434200000002,848,0
vllm,1,shared,2,cold,1.0992180407047272,1811939328.0,0.0,0.0,0,0,0,0,0,1207959552.0,1207959552.0,0,0,0,0,,
vllm,1,shared,2,after_pressure,0.1497425138950348,5435817984.0,1207959552.0,0.0,0,0,0,1207959552.0,0,0,0,0,0,0.024786971000000005,0,,
vllm,1,shared,2,after_host_eviction,0.3341921456158161,1207959552.0,1207959552.0,0.0,0,0,0,1207959552.0,1207959552.0,0,0,0,0,0.03677256200000001,0.17418891800000003,960,0
vllm,1,mixed,0,cold,0.2109658233821392,1358954496.0,0.0,0.0,0,0,0,0,0,150994944.0,150994944.0,0,0,0,0,,
vllm,1,mixed,0,after_pressure,0.11671838536858559,4982833152.0,0.0,0.0,0,0,0,150994944.0,0,0,0,0,0,0.0046569320000000025,0,,
vllm,1,mixed,0,after_host_eviction,0.14058350026607513,150994944.0,150994944.0,0.0,0,0,0,150994944.0,150994944.0,0,0,0,0,0.004651751999999995,0.023117184999999985,912,0
vllm,1,mixed,1,cold,0.5679075047373772,754974720.0,0.0,0.0,0,0,0,0,0,603979776.0,603979776.0,0,0,0,0,,
vllm,1,mixed,1,after_pressure,0.1316990666091442,4378853376.0,0.0,0.0,0,0,0,603979776.0,0,0,0,0,0,0.014644063999999998,0,,
vllm,1,mixed,1,after_host_eviction,0.250204361975193,603979776.0,603979776.0,0.0,0,0,0,603979776.0,603979776.0,0,0,0,0,0.01849458100000001,0.114611988,848,0
vllm,1,mixed,2,cold,1.1001018919050694,1811939328.0,0.0,0.0,0,0,0,0,0,1207959552.0,1207959552.0,0,0,0,0,,
vllm,1,mixed,2,after_pressure,0.1568397879600525,5435817984.0,1207959552.0,0.0,0,0,0,1207959552.0,0,0,0,0,0,0.032546516,0,,
vllm,1,mixed,2,after_host_eviction,0.34156930446624756,1207959552.0,1207959552.0,0.0,0,0,0,1207959552.0,1207959552.0,0,0,0,0,0.036739045,0.18018258399999998,960,0
vllm,4,shared,0,cold,0.25225619599223137,1387266048.0,0.0,0.0,0,0,0,0,0,179306496.0,150994944.0,0,0,0,0,,
vllm,4,shared,0,after_pressure,0.1470365934073925,5011144704.0,0.0,0.0,0,0,0,603979776.0,0,0,0,0,0,0.018260148000000004,0,,
vllm,4,shared,0,after_host_eviction,0.16889608278870583,150994944.0,603979776.0,0.0,0,0,3.0,603979776.0,150994944.0,0,0,0,0,0.017989223999999998,0.024428459000000013,912,0
vllm,4,shared,1,cold,0.6413179785013199,754974720.0,0.0,0.0,0,0,0,0,0,603979776.0,603979776.0,0,0,0,0,,
vllm,4,shared,1,after_pressure,0.20662140846252441,4378853376.0,1217396736.0,0.0,9.0,0,0,1821376512.0,0,0,0,0,0,0.05158809599999997,0,,
vllm,4,shared,1,after_host_eviction,0.31708642840385437,603979776.0,1811939328.0,0.0,100.0,0,2.0,1821376512.0,603979776.0,0,0,0,0,0.05452184700000001,0.09262773400000002,848,0
vllm,4,shared,2,cold,1.1967310011386871,1811939328.0,0.0,0.0,0,0,0,0,0,1207959552.0,1207959552.0,0,0,0,0,,
vllm,4,shared,2,after_pressure,0.2352151870727539,5435817984.0,1207959552.0,0.0,54.0,0,0,1236271104.0,0,0,0,0,0,0.029647383000000027,0,,
vllm,4,shared,2,after_host_eviction,0.43656089529395103,1207959552.0,1207959552.0,0.0,420.0,0,0,1236271104.0,1207959552.0,0,0,0,0,0.03771749599999996,0.189798142,960,0
vllm,4,mixed,0,cold,1.7917443364858627,3321888768.0,0.0,0.0,0,0,0,0,0,2113929216.0,2113929216.0,0,0,0,0,,
vllm,4,mixed,0,after_pressure,0.21472901850938797,6945767424.0,1509949440.0,0.0,0,0,0,2113929216.0,0,0,0,0,0,0.059047362999999964,0,,
vllm,4,mixed,0,after_host_eviction,0.4919286109507084,2113929216.0,2113929216.0,0.0,0,0,0,2113929216.0,2113929216.0,0,0,0,0,0.06869164400000005,0.8174038399999998,1120,0
vllm,4,mixed,1,cold,2.2621414065361023,4680843264.0,0.0,0.0,0,0,0,0,0,2566914048.0,2566914048.0,0,0,0,0,,
vllm,4,mixed,1,after_pressure,0.293579388409853,8304721920.0,1962934272.0,0.0,10.0,0,0,2566914048.0,0,0,0,0,0,0.07282193300000006,0,,
vllm,4,mixed,1,after_host_eviction,0.570907399058342,2566914048.0,1811939328.0,0.0,39.0,0,0,2566914048.0,2566914048.0,0,0,0,0,0.08514857600000003,0.6241927239999998,1264,0
vllm,4,mixed,2,cold,2.777784828096628,5737807872.0,1207959552.0,0.0,0,0,0,0,0,3170893824.0,3170893824.0,0,0,0,0,,
vllm,4,mixed,2,after_pressure,0.32277413830161095,9361686528.0,1962934272.0,0.0,22.0,0,0,3170893824.0,0,0,0,0,0,0.08878602000000002,0,,
vllm,4,mixed,2,after_host_eviction,0.6454910263419151,3170893824.0,1962934272.0,0.0,142.0,0,0,3170893824.0,3170893824.0,0,0,0,0,0.10177422600000008,1.0127644559999998,1376,0
vllm,8,shared,0,cold,0.29679232835769653,3321888768.0,0.0,0.0,0,0,0,0,0,150994944.0,150994944.0,0,0,0,0,,
vllm,8,shared,0,after_pressure,0.1882929392158985,6945767424.0,1056964608.0,0.0,0,0,0,1207959552.0,0,0,0,0,0,0.03506274099999995,0,,
vllm,8,shared,0,after_host_eviction,0.21389567852020264,150994944.0,1207959552.0,0.0,0,0,7.0,1207959552.0,150994944.0,0,0,0,0,0.0402324839999999,0.022529926999999894,1120,0
vllm,8,shared,1,cold,0.6965471021831036,754974720.0,0.0,0.0,0,0,0,0,0,603979776.0,603979776.0,0,0,0,0,,
vllm,8,shared,1,after_pressure,0.24922224879264832,4378853376.0,1811939328.0,0.0,40.0,0,0,1859125248.0,0,0,0,0,0,0.05355791200000004,0,,
vllm,8,shared,1,after_host_eviction,0.3584699220955372,603979776.0,1811939328.0,0.0,395.0,0,2.0,1859125248.0,603979776.0,0,0,0,0,0.05559631999999981,0.0977899390000001,848,0
vllm,8,shared,2,cold,1.283205647021532,1811939328.0,0.0,0.0,0,0,0,0,0,1207959552.0,1207959552.0,0,0,0,0,,
vllm,8,shared,2,after_pressure,0.2999350242316723,5435817984.0,1207959552.0,0.0,119.0,0,0,1274019840.0,0,0,0,0,0,0.03669811799999989,0,,
vllm,8,shared,2,after_host_eviction,0.5016173906624317,1207959552.0,1207959552.0,0.0,809.0,0,0,1274019840.0,1207959552.0,0,0,0,0,0.03893779300000011,0.20085411599999992,960,0
vllm,8,mixed,0,cold,4.023188848048449,5888802816.0,1207959552.0,0.0,0,0,0,0,0,4680843264.0,4680843264.0,0,0,0,0,,
vllm,8,mixed,0,after_pressure,0.56489272788167,9512681472.0,1962934272.0,0.0,32.0,0,0,4680843264.0,0,0,0,0,0,0.14333901800000004,0,,
vllm,8,mixed,0,after_host_eviction,0.9027610905468464,4680843264.0,2113929216.0,0.0,283.0,0,0,4680843264.0,4680843264.0,0,0,0,0,0.15346400900000012,1.689055650999999,1392,0
vllm,8,mixed,1,cold,4.896651156246662,10418651136.0,1207959552.0,0.0,0,0,0,0,0,5737807872.0,5737807872.0,0,0,0,0,,
vllm,8,mixed,1,after_pressure,0.5917940251529217,14042529792.0,2113929216.0,0.0,67.0,0,0,5737807872.0,0,0,0,0,0,0.17419231699999993,0,,
vllm,8,mixed,1,after_host_eviction,1.1384599320590496,5737807872.0,2113929216.0,0.0,529.0,0,0,5737807872.0,5737807872.0,0,0,0,0,0.18364311700000036,1.6187311730000005,1360,0
vllm,8,mixed,2,cold,4.603157743811607,11022630912.0,1207959552.0,0.0,0,0,0,0,0,5284823040.0,5284823040.0,0,0,0,0,,
vllm,8,mixed,2,after_pressure,0.5583732463419437,14646509568.0,2113929216.0,0.0,83.0,0,0,5284823040.0,0,0,0,0,0,0.16014102900000027,0,,
vllm,8,mixed,2,after_host_eviction,0.9892331473529339,5284823040.0,2113929216.0,0.0,567.0,0,0,5284823040.0,5284823040.0,0,0,0,0,0.17153774400000055,2.2025680719999983,1424,0
sglang,1,shared,0,cold,0.21276357397437096,264241152.0,0.0,0.0,0,0,0,0,0,150994944.0,150994944.0,0,0,0,0,,
sglang,1,shared,0,after_pressure,0.1272146962583065,3888119808.0,0.0,0.0,0,0,0,141557760.0,0,0,0,0,0,0.002961234,0,,
sglang,1,shared,0,after_host_eviction,0.14759983494877815,150994944.0,141557760.0,0.0,0,0,0,141557760.0,141557760.0,9437184.0,0,0,0,0.006173036,0.022664445,796,0
sglang,1,shared,1,cold,0.5663841180503368,754974720.0,0.0,0.0,0,0,0,0,0,603979776.0,603979776.0,0,0,0,0,,
sglang,1,shared,1,after_pressure,0.13521454483270645,4378853376.0,0.0,0.0,0,0,0,594542592.0,0,0,0,0,0,0.012734491,0,,
sglang,1,shared,1,after_host_eviction,0.253614217042923,603979776.0,594542592.0,0.0,0,0,0,594542592.0,594542592.0,9437184.0,0,0,0,0.025647795,0.106351641,848,0
sglang,1,shared,2,cold,1.1002452485263348,1811939328.0,0.0,0.0,0,0,0,0,0,1207959552.0,1207959552.0,0,0,0,0,,
sglang,1,shared,2,after_pressure,0.15443537756800652,5435817984.0,1198522368.0,0.0,0,0,0,1198522368.0,0,0,0,0,0,0.024889709999999995,0,,
sglang,1,shared,2,after_host_eviction,0.38081610575318336,1207959552.0,1198522368.0,0.0,0,0,0,1198522368.0,1198522368.0,9437184.0,0,0,0,0.051624109,0.199619262,960,0
sglang,1,mixed,0,cold,0.2066190168261528,1358954496.0,141557760.0,0.0,0,0,0,0,0,150994944.0,150994944.0,0,0,0,0,,
sglang,1,mixed,0,after_pressure,0.12183626368641853,4982833152.0,141557760.0,0.0,0,0,0,141557760.0,0,0,0,0,0,0.0028792109999999926,0,,
sglang,1,mixed,0,after_host_eviction,0.15612893551588058,150994944.0,141557760.0,0.0,0,0,0,141557760.0,141557760.0,9437184.0,0,0,0,0.006186641999999992,0.030351454,912,0
sglang,1,mixed,1,cold,0.5656291134655476,754974720.0,0.0,0.0,0,0,0,0,0,603979776.0,603979776.0,0,0,0,0,,
sglang,1,mixed,1,after_pressure,0.13385138288140297,4378853376.0,0.0,0.0,0,0,0,594542592.0,0,0,670040064.0,0,0,0.011920696000000008,0,,
sglang,1,mixed,1,after_host_eviction,0.2624678947031498,603979776.0,594542592.0,0.0,0,0,0,594542592.0,594542592.0,9437184.0,0,0,0,0.025659128000000003,0.11354937399999998,848,0
sglang,1,mixed,2,cold,1.099235936999321,1811939328.0,0.0,0.0,0,0,0,0,0,1207959552.0,1207959552.0,0,0,0,0,,
sglang,1,mixed,2,after_pressure,0.15331827476620674,5435817984.0,0.0,0.0,0,0,0,1198522368.0,0,0,849346560.0,0,0,0.024180947000000008,0,,
sglang,1,mixed,2,after_host_eviction,0.38100334629416466,1207959552.0,1198522368.0,0.0,0,0,0,1198522368.0,1198522368.0,9437184.0,0,0,0,0.051457051000000004,0.198479929,960,0
sglang,4,shared,0,cold,0.5553428642451763,1358954496.0,0.0,0.0,0,0,0,0,0,150994944.0,150994944.0,0,0,0,0,,
sglang,4,shared,0,after_pressure,0.16911606118083,4982833152.0,0.0,0.0,0,0,0,141557760.0,0,0,0,0,0,0.002913342000000013,0,,
sglang,4,shared,0,after_host_eviction,0.16930968314409256,150994944.0,141557760.0,0.0,0,0,3.0,141557760.0,141557760.0,9437184.0,0,0,0,0.006191403999999984,0.021502840000000023,912,0
sglang,4,shared,1,cold,1.6311723552644253,754974720.0,0.0,0.0,0,0,0,0,0,603979776.0,603979776.0,0,0,0,0,,
sglang,4,shared,1,after_pressure,0.20541907101869583,4378853376.0,0.0,0.0,0,0,0,594542592.0,0,0,0,0,0,0.011853119999999995,0,,
sglang,4,shared,1,after_host_eviction,0.29025136679410934,603979776.0,1783627776.0,0.0,98.0,0,2.0,594542592.0,594542592.0,9437184.0,0,0,0,0.02561930600000001,0.08988788400000003,848,0
sglang,4,shared,2,cold,1.2740045748651028,1811939328.0,0.0,0.0,0,0,0,0,0,1207959552.0,1207959552.0,0,0,0,0,,
sglang,4,shared,2,after_pressure,0.2572341449558735,5435817984.0,1198522368.0,0.0,0,0,0,1198522368.0,0,0,0,0,0,0.025820383000000002,0,,
sglang,4,shared,2,after_host_eviction,0.46181847155094147,1207959552.0,1198522368.0,0.0,616.0,0,0,1198522368.0,1198522368.0,9437184.0,0,0,0,0.05136563300000002,0.19580478700000004,960,0
sglang,4,mixed,0,cold,1.79298210516572,3321888768.0,141557760.0,0.0,0,0,0,0,0,2113929216.0,1925185536.0,0,0,0,0,,
sglang,4,mixed,0,after_pressure,0.23240019008517265,6945767424.0,1198522368.0,0.0,0,0,0,2076180480.0,0,0,0,0,0,0.04643739700000005,0,,
sglang,4,mixed,0,after_host_eviction,0.5006425157189369,2113929216.0,2076180480.0,0.0,0,0,0,1896873984.0,1896873984.0,217055232.0,188743680.0,0,0,0.08276494400000006,0.5138313720000001,1120,0
sglang,4,mixed,1,cold,2.2378601282835007,4680843264.0,1198522368.0,0.0,0,0,0,0,0,2566914048.0,2566914048.0,0,0,0,0,,
sglang,4,mixed,1,after_pressure,0.3569398708641529,8304721920.0,1793064960.0,0.0,0,0,0,2529165312.0,0,0,0,0,0,0.05976559399999998,0,,
sglang,4,mixed,1,after_host_eviction,0.5969238616526127,2566914048.0,1934622720.0,0.0,112.0,0,0,2529165312.0,2529165312.0,37748736.0,0,0,0,0.1105655860000001,0.8829729819999996,1264,0
sglang,4,mixed,2,cold,2.783229988068342,5737807872.0,1198522368.0,0.0,0,0,0,0,0,3170893824.0,3170893824.0,0,0,0,0,,
sglang,4,mixed,2,after_pressure,0.3753230795264244,9361686528.0,1340080128.0,0.0,0,0,0,3133145088.0,0,0,0,0,0,0.07565079799999996,0,,
sglang,4,mixed,2,after_host_eviction,0.6997056901454926,3170893824.0,1934622720.0,0.0,242.0,0,0,3133145088.0,3133145088.0,37748736.0,0,0,0,0.13645145700000005,1.0489062580000001,1376,0
sglang,8,shared,0,cold,1.117798026651144,3321888768.0,0.0,0.0,0,0,0,0,0,150994944.0,150994944.0,0,0,0,0,,
sglang,8,shared,0,after_pressure,0.21477336809039116,6945767424.0,0.0,0.0,0,0,0,141557760.0,0,0,0,0,0,0.003854771999999951,0,,
sglang,8,shared,0,after_host_eviction,0.22479074820876122,150994944.0,849346560.0,0.0,0,0,7.0,141557760.0,141557760.0,9437184.0,0,0,0,0.006175033999999968,0.02113076199999986,1120,0
sglang,8,shared,1,cold,1.6042068675160408,754974720.0,594542592.0,0.0,0,0,0,0,0,603979776.0,603979776.0,0,0,0,0,,
sglang,8,shared,1,after_pressure,0.26930569112300873,4378853376.0,0.0,0.0,0,0,0,594542592.0,0,0,0,0,0,0.014440184000000023,0,,
sglang,8,shared,1,after_host_eviction,0.3679206147789955,603979776.0,1783627776.0,0.0,239.0,0,2.0,594542592.0,594542592.0,9437184.0,0,0,0,0.02582582099999997,0.08915474000000012,848,0
sglang,8,shared,2,cold,1.382100909948349,1811939328.0,1198522368.0,0.0,0,0,0,0,0,1207959552.0,1207959552.0,0,0,0,0,,
sglang,8,shared,2,after_pressure,0.34201642870903015,5435817984.0,1198522368.0,0.0,0,0,0,1198522368.0,0,0,0,0,0,0.028040511000000046,0,,
sglang,8,shared,2,after_host_eviction,0.5421240255236626,1207959552.0,1198522368.0,0.0,723.0,0,0,1198522368.0,1198522368.0,9437184.0,0,0,0,0.05169275900000003,0.19279061099999995,960,0
sglang,8,mixed,0,cold,4.029099103063345,5888802816.0,594542592.0,0.0,0,0,0,0,0,4680843264.0,4529848320.0,0,0,0,0,,
sglang,8,mixed,0,after_pressure,0.5820546112954617,9512681472.0,2076180480.0,0.0,1.0,0,0,4605345792.0,0,0,0,0,0,0.119825831,0,,
sglang,8,mixed,0,after_host_eviction,0.8879818208515644,4680843264.0,2076180480.0,0.0,87.0,0,0,4463788032.0,4463788032.0,217055232.0,150994944.0,0,0,0.19660722900000005,1.2887494109999995,1392,0
sglang,8,mixed,1,cold,4.923318061977625,10418651136.0,0.0,0.0,0,0,0,0,0,5737807872.0,5737807872.0,0,0,0,0,,
sglang,8,mixed,1,after_pressure,0.6169940643012524,14042529792.0,1793064960.0,0.0,6.0,0,0,5662310400.0,0,0,0,0,0,0.14775099300000005,0,,
sglang,8,mixed,1,after_host_eviction,1.1263221055269241,5737807872.0,2076180480.0,0.0,510.0,0,0,5662310400.0,5662310400.0,75497472.0,0,0,0,0.24617618400000008,1.768834988000001,1360,0
sglang,8,mixed,2,cold,4.555797383189201,11022630912.0,594542592.0,0.0,0,0,0,0,0,5284823040.0,4982833152.0,0,0,0,0,,
sglang,8,mixed,2,after_pressure,0.6136448793113232,14646509568.0,2076180480.0,0.0,3.0,0,0,5209325568.0,0,0,0,0,0,0.14857781300000017,0,,
sglang,8,mixed,2,after_host_eviction,1.2303748950362206,5284823040.0,1330642944.0,0.0,465.0,0,0,4926210048.0,4926210048.0,358612992.0,301989888.0,0,0,0.21165756800000013,1.0422456670000004,1424,0
