run,engine,backend,length,repeat,phase,ttft_ms,e2e_ms,cache_source,cached_tokens,orbitkv_load_bytes,orbitkv_load_ms,matches_cold_output
sglang-orbitkv-event,sglang,orbitkv,1024,0,cold,118.12542378902435,206.4899206161499,miss,0,0,0,True
sglang-orbitkv-event,sglang,orbitkv,1024,0,hbm_hit,36.50990128517151,124.99836087226868,hbm,960,0,0,True
sglang-orbitkv-event,sglang,orbitkv,1024,0,after_pressure,32.67444670200348,120.74538320302963,external,960,141557760.0,2.949077,True
sglang-orbitkv-event,sglang,orbitkv,1024,1,cold,119.10398676991463,207.14136958122253,miss,0,0,0,True
sglang-orbitkv-event,sglang,orbitkv,1024,1,hbm_hit,28.732281178236008,117.12474375963211,hbm,960,0,0,True
sglang-orbitkv-event,sglang,orbitkv,1024,1,after_pressure,31.719841063022614,119.54489722847939,external,960,141557760.0,2.9176919999999997,True
sglang-orbitkv-event,sglang,orbitkv,1024,2,cold,118.21363493800163,206.7003920674324,miss,0,0,0,True
sglang-orbitkv-event,sglang,orbitkv,1024,2,hbm_hit,29.724255204200745,118.39979141950607,hbm,960,0,0,True
sglang-orbitkv-event,sglang,orbitkv,1024,2,after_pressure,32.72346407175064,120.41864544153214,external,960,141557760.0,2.9140549999999994,True
sglang-orbitkv-event,sglang,orbitkv,1024,3,cold,118.05278807878494,206.36915415525436,miss,0,0,0,True
sglang-orbitkv-event,sglang,orbitkv,1024,3,hbm_hit,28.870560228824615,117.10521578788757,hbm,960,0,0,True
sglang-orbitkv-event,sglang,orbitkv,1024,3,after_pressure,31.50125965476036,119.43428218364716,external,960,141557760.0,2.8974559999999996,True
sglang-orbitkv-event,sglang,orbitkv,1024,4,cold,117.68246814608574,206.19380474090576,miss,0,0,0,True
sglang-orbitkv-event,sglang,orbitkv,1024,4,hbm_hit,29.000166803598404,117.26123839616776,hbm,960,0,0,True
sglang-orbitkv-event,sglang,orbitkv,1024,4,after_pressure,32.25361928343773,120.24614959955215,external,960,141557760.0,2.9314839999999998,True
sglang-orbitkv-event,sglang,orbitkv,4096,0,cold,473.46821427345276,564.9750716984272,miss,0,0,0,True
sglang-orbitkv-event,sglang,orbitkv,4096,0,hbm_hit,29.4685997068882,121.26945704221725,hbm,4032,0,0,True
sglang-orbitkv-event,sglang,orbitkv,4096,0,after_pressure,42.366527020931244,133.36783647537231,external,4032,594542592.0,12.220527,True
sglang-orbitkv-event,sglang,orbitkv,4096,1,cold,473.67193177342415,564.9705789983273,miss,0,0,0,True
sglang-orbitkv-event,sglang,orbitkv,4096,1,hbm_hit,29.577061533927917,121.35735899209976,hbm,4032,0,0,True
sglang-orbitkv-event,sglang,orbitkv,4096,1,after_pressure,41.44490882754326,133.09321179986,external,4032,594542592.0,11.724323000000002,True
sglang-orbitkv-event,sglang,orbitkv,4096,2,cold,473.8910309970379,565.5908696353436,miss,0,0,0,True
sglang-orbitkv-event,sglang,orbitkv,4096,2,hbm_hit,29.36212345957756,121.18595093488693,hbm,4032,0,0,True
sglang-orbitkv-event,sglang,orbitkv,4096,2,after_pressure,59.339556843042374,149.68685060739517,external,4032,594542592.0,13.065561000000002,True
sglang-orbitkv-event,sglang,orbitkv,4096,3,cold,474.7767820954323,565.924946218729,miss,0,0,0,True
sglang-orbitkv-event,sglang,orbitkv,4096,3,hbm_hit,30.233725905418396,122.30760604143143,hbm,4032,0,0,True
sglang-orbitkv-event,sglang,orbitkv,4096,3,after_pressure,60.43301150202751,151.5914909541607,external,4032,594542592.0,13.563014999999998,True
sglang-orbitkv-event,sglang,orbitkv,4096,4,cold,473.7042933702469,564.965020865202,miss,0,0,0,True
sglang-orbitkv-event,sglang,orbitkv,4096,4,hbm_hit,31.991485506296158,124.03104081749916,hbm,4032,0,0,True
sglang-orbitkv-event,sglang,orbitkv,4096,4,after_pressure,44.333577156066895,135.3861354291439,external,4032,594542592.0,12.674925000000004,True
sglang-orbitkv-event,sglang,orbitkv,8192,0,cold,1001.4437027275562,1098.5355041921139,miss,0,0,0,True
sglang-orbitkv-event,sglang,orbitkv,8192,0,hbm_hit,37.18230128288269,134.08507034182549,hbm,8128,0,0,True
sglang-orbitkv-event,sglang,orbitkv,8192,0,after_pressure,58.2214891910553,155.1421768963337,external,8128,1198522368.0,25.904998,True
sglang-orbitkv-event,sglang,orbitkv,8192,1,cold,1002.3752488195896,1099.2628261446953,miss,0,0,0,True
sglang-orbitkv-event,sglang,orbitkv,8192,1,hbm_hit,31.292784959077835,128.95679846405983,hbm,8128,0,0,True
sglang-orbitkv-event,sglang,orbitkv,8192,1,after_pressure,58.718305081129074,155.98205849528313,external,8128,1198522368.0,26.499177,True
sglang-orbitkv-event,sglang,orbitkv,8192,2,cold,1002.0524673163891,1099.2473848164082,miss,0,0,0,True
sglang-orbitkv-event,sglang,orbitkv,8192,2,hbm_hit,32.2059765458107,129.8748031258583,hbm,8128,0,0,True
sglang-orbitkv-event,sglang,orbitkv,8192,2,after_pressure,60.121290385723114,157.35939890146255,external,8128,1198522368.0,26.180903000000004,True
sglang-orbitkv-event,sglang,orbitkv,8192,3,cold,1002.4425610899925,1098.960142582655,miss,0,0,0,True
sglang-orbitkv-event,sglang,orbitkv,8192,3,hbm_hit,32.02970698475838,129.66163456439972,hbm,8128,0,0,True
sglang-orbitkv-event,sglang,orbitkv,8192,3,after_pressure,64.64635953307152,161.6044156253338,external,8128,1198522368.0,27.258318000000003,True
sglang-orbitkv-event,sglang,orbitkv,8192,4,cold,1001.8059648573399,1099.0492440760136,miss,0,0,0,True
sglang-orbitkv-event,sglang,orbitkv,8192,4,hbm_hit,30.760709196329117,128.38388606905937,hbm,8128,0,0,True
sglang-orbitkv-event,sglang,orbitkv,8192,4,after_pressure,64.55716863274574,161.57492995262146,external,8128,1198522368.0,26.60732199999999,True
vllm-cpu,vllm,cpu,1024,0,cold,118.02088841795921,208.95245671272278,miss,0,0,0,True
vllm-cpu,vllm,cpu,1024,0,hbm_hit,19.80757713317871,110.52584275603294,mixed,1024,0,0,True
vllm-cpu,vllm,cpu,1024,0,after_pressure,21.571028977632523,112.29188740253448,external,1024,0,0,True
vllm-cpu,vllm,cpu,1024,1,cold,117.51974374055862,208.670012652874,miss,0,0,0,True
vllm-cpu,vllm,cpu,1024,1,hbm_hit,18.868524581193924,109.47946086525917,mixed,1024,0,0,False
vllm-cpu,vllm,cpu,1024,1,after_pressure,21.8915194272995,112.56362497806549,external,1024,0,0,False
vllm-cpu,vllm,cpu,1024,2,cold,117.51986667513847,208.6232490837574,miss,0,0,0,True
vllm-cpu,vllm,cpu,1024,2,hbm_hit,18.761344254016876,109.49378460645676,mixed,1024,0,0,True
vllm-cpu,vllm,cpu,1024,2,after_pressure,21.690048277378082,112.40986362099648,external,1024,0,0,True
vllm-cpu,vllm,cpu,1024,3,cold,117.67146363854408,208.61361920833588,miss,0,0,0,True
vllm-cpu,vllm,cpu,1024,3,hbm_hit,19.01857554912567,109.81222242116928,mixed,1024,0,0,False
vllm-cpu,vllm,cpu,1024,3,after_pressure,21.875854581594467,112.49647289514542,external,1024,0,0,False
vllm-cpu,vllm,cpu,1024,4,cold,117.79309809207916,208.66792649030685,miss,0,0,0,True
vllm-cpu,vllm,cpu,1024,4,hbm_hit,19.01497319340706,109.68499630689621,mixed,1024,0,0,True
vllm-cpu,vllm,cpu,1024,4,after_pressure,21.719712764024734,112.38409951329231,external,1024,0,0,True
vllm-cpu,vllm,cpu,4096,0,cold,475.35014152526855,570.3941769897938,miss,0,0,0,True
vllm-cpu,vllm,cpu,4096,0,hbm_hit,21.100066602230072,113.79754170775414,mixed,4096,0,0,True
vllm-cpu,vllm,cpu,4096,0,after_pressure,32.29966014623642,125.00696256756783,external,4096,0,0,True
vllm-cpu,vllm,cpu,4096,1,cold,475.3367267549038,570.3893676400185,miss,0,0,0,True
vllm-cpu,vllm,cpu,4096,1,hbm_hit,21.27021551132202,113.87520655989647,mixed,4096,0,0,True
vllm-cpu,vllm,cpu,4096,1,after_pressure,32.30668976902962,124.77581575512886,external,4096,0,0,True
vllm-cpu,vllm,cpu,4096,2,cold,475.526824593544,570.271834731102,miss,0,0,0,True
vllm-cpu,vllm,cpu,4096,2,hbm_hit,21.336976438760757,113.93779143691063,mixed,4096,0,0,True
vllm-cpu,vllm,cpu,4096,2,after_pressure,32.65843540430069,125.26275590062141,external,4096,0,0,True
vllm-cpu,vllm,cpu,4096,3,cold,475.41922703385353,570.6132128834724,miss,0,0,0,True
vllm-cpu,vllm,cpu,4096,3,hbm_hit,21.109864115715027,113.97155746817589,mixed,4096,0,0,True
vllm-cpu,vllm,cpu,4096,3,after_pressure,32.3035791516304,124.8890720307827,external,4096,0,0,True
vllm-cpu,vllm,cpu,4096,4,cold,475.3064289689064,570.306621491909,miss,0,0,0,True
vllm-cpu,vllm,cpu,4096,4,hbm_hit,21.29065990447998,114.02471736073494,mixed,4096,0,0,True
vllm-cpu,vllm,cpu,4096,4,after_pressure,32.06462040543556,124.70247596502304,external,4096,0,0,True
vllm-cpu,vllm,cpu,8192,0,cold,1005.8327727019787,1117.3691973090172,miss,0,0,0,True
vllm-cpu,vllm,cpu,8192,0,hbm_hit,24.390678852796555,121.42902240157127,mixed,8192,0,0,True
vllm-cpu,vllm,cpu,8192,0,after_pressure,47.06490412354469,144.05977353453636,external,8192,0,0,True
vllm-cpu,vllm,cpu,8192,1,cold,1005.9368908405304,1117.1788536012173,miss,0,0,0,True
vllm-cpu,vllm,cpu,8192,1,hbm_hit,24.616070091724396,121.58018350601196,mixed,8192,0,0,True
vllm-cpu,vllm,cpu,8192,1,after_pressure,47.16719686985016,144.27311718463898,external,8192,0,0,True
vllm-cpu,vllm,cpu,8192,2,cold,1006.2378793954849,1117.6774948835373,miss,0,0,0,True
vllm-cpu,vllm,cpu,8192,2,hbm_hit,24.27726984024048,121.28850072622299,mixed,8192,0,0,True
vllm-cpu,vllm,cpu,8192,2,after_pressure,47.207921743392944,144.1517099738121,external,8192,0,0,True
vllm-cpu,vllm,cpu,8192,3,cold,1005.638025701046,1117.336243391037,miss,0,0,0,True
vllm-cpu,vllm,cpu,8192,3,hbm_hit,25.03487467765808,122.0283955335617,mixed,8192,0,0,True
vllm-cpu,vllm,cpu,8192,3,after_pressure,47.348279505968094,144.44167166948318,external,8192,0,0,True
vllm-cpu,vllm,cpu,8192,4,cold,1005.9986561536789,1117.5518333911896,miss,0,0,0,True
vllm-cpu,vllm,cpu,8192,4,hbm_hit,24.573970586061478,121.50966748595238,mixed,8192,0,0,True
vllm-cpu,vllm,cpu,8192,4,after_pressure,47.160182148218155,144.19300854206085,external,8192,0,0,True
sglang-cpu,sglang,cpu,1024,0,cold,118.06449666619301,206.37036114931107,miss,0,0,0,True
sglang-cpu,sglang,cpu,1024,0,hbm_hit,35.88605672121048,123.74385446310043,hbm,960,0,0,True
sglang-cpu,sglang,cpu,1024,0,after_pressure,30.94690293073654,118.86296793818474,external,960,0,0,True
sglang-cpu,sglang,cpu,1024,1,cold,117.51842126250267,205.63990250229836,miss,0,0,0,True
sglang-cpu,sglang,cpu,1024,1,hbm_hit,27.281560003757477,115.18926545977592,hbm,960,0,0,False
sglang-cpu,sglang,cpu,1024,1,after_pressure,30.251920223236084,118.24532598257065,external,960,0,0,False
sglang-cpu,sglang,cpu,1024,2,cold,117.3812560737133,205.82641661167145,miss,0,0,0,True
sglang-cpu,sglang,cpu,1024,2,hbm_hit,29.413234442472458,117.45114624500275,hbm,960,0,0,True
sglang-cpu,sglang,cpu,1024,2,after_pressure,29.945995658636093,118.00101026892662,external,960,0,0,True
sglang-cpu,sglang,cpu,1024,3,cold,117.4350343644619,205.76922222971916,miss,0,0,0,True
sglang-cpu,sglang,cpu,1024,3,hbm_hit,27.061108499765396,114.98693004250526,hbm,960,0,0,True
sglang-cpu,sglang,cpu,1024,3,after_pressure,30.24495765566826,118.26765164732933,external,960,0,0,True
sglang-cpu,sglang,cpu,1024,4,cold,117.70042404532433,205.7674452662468,miss,0,0,0,True
sglang-cpu,sglang,cpu,1024,4,hbm_hit,27.159135788679123,115.02274498343468,hbm,960,0,0,True
sglang-cpu,sglang,cpu,1024,4,after_pressure,30.840549618005753,118.89355257153511,external,960,0,0,True
sglang-cpu,sglang,cpu,4096,0,cold,473.5294170677662,568.0377259850502,miss,0,0,0,True
sglang-cpu,sglang,cpu,4096,0,hbm_hit,28.037678450345993,119.35793608427048,hbm,4032,0,0,True
sglang-cpu,sglang,cpu,4096,0,after_pressure,34.888602793216705,127.26906314492226,external,4032,0,0,True
sglang-cpu,sglang,cpu,4096,1,cold,473.76109659671783,568.1448131799698,miss,0,0,0,True
sglang-cpu,sglang,cpu,4096,1,hbm_hit,28.045501559972763,119.30326372385025,hbm,4032,0,0,True
sglang-cpu,sglang,cpu,4096,1,after_pressure,31.81835263967514,123.08451905846596,external,4032,0,0,True
sglang-cpu,sglang,cpu,4096,2,cold,473.438560962677,568.2033784687519,miss,0,0,0,True
sglang-cpu,sglang,cpu,4096,2,hbm_hit,28.35427224636078,119.54095214605331,hbm,4032,0,0,True
sglang-cpu,sglang,cpu,4096,2,after_pressure,31.63447603583336,122.90329858660698,external,4032,0,0,True
sglang-cpu,sglang,cpu,4096,3,cold,473.2879474759102,567.753616720438,miss,0,0,0,True
sglang-cpu,sglang,cpu,4096,3,hbm_hit,27.978938072919846,119.15990337729454,hbm,4032,0,0,True
sglang-cpu,sglang,cpu,4096,3,after_pressure,31.517285853624344,122.93002009391785,external,4032,0,0,True
sglang-cpu,sglang,cpu,4096,4,cold,473.4824411571026,567.7522793412209,miss,0,0,0,True
sglang-cpu,sglang,cpu,4096,4,hbm_hit,27.98127755522728,119.16351690888405,hbm,4032,0,0,True
sglang-cpu,sglang,cpu,4096,4,after_pressure,31.436432152986526,122.87888675928116,external,4032,0,0,True
sglang-cpu,sglang,cpu,8192,0,cold,1001.6658864915371,1101.5831790864468,miss,0,0,0,True
sglang-cpu,sglang,cpu,8192,0,hbm_hit,29.46513518691063,126.40861794352531,hbm,8128,0,0,True
sglang-cpu,sglang,cpu,8192,0,after_pressure,44.54388469457626,142.2208473086357,external,8128,0,0,True
sglang-cpu,sglang,cpu,8192,1,cold,1001.636765897274,1101.3929434120655,miss,0,0,0,True
sglang-cpu,sglang,cpu,8192,1,hbm_hit,28.467658907175064,125.4548616707325,hbm,8128,0,0,True
sglang-cpu,sglang,cpu,8192,1,after_pressure,43.72654855251312,141.57019183039665,external,8128,0,0,True
sglang-cpu,sglang,cpu,8192,2,cold,1001.8441341817379,1101.6336232423782,miss,0,0,0,True
sglang-cpu,sglang,cpu,8192,2,hbm_hit,28.797533363103867,125.79330801963806,hbm,8128,0,0,True
sglang-cpu,sglang,cpu,8192,2,after_pressure,44.495560228824615,142.19645410776138,external,8128,0,0,True
sglang-cpu,sglang,cpu,8192,3,cold,1002.75719165802,1102.1806299686432,miss,0,0,0,True
sglang-cpu,sglang,cpu,8192,3,hbm_hit,28.860554099082947,125.79315900802612,hbm,8128,0,0,True
sglang-cpu,sglang,cpu,8192,3,after_pressure,45.069631189107895,142.87231117486954,external,8128,0,0,True
sglang-cpu,sglang,cpu,8192,4,cold,1001.6599111258984,1101.4243103563786,miss,0,0,0,True
sglang-cpu,sglang,cpu,8192,4,hbm_hit,28.93039584159851,125.97255408763885,hbm,8128,0,0,True
sglang-cpu,sglang,cpu,8192,4,after_pressure,43.65858808159828,141.29850640892982,external,8128,0,0,True
sglang-orbitkv,sglang,orbitkv,1024,0,cold,117.64393001794815,206.53807744383812,miss,0,0,0,True
sglang-orbitkv,sglang,orbitkv,1024,0,hbm_hit,55.428408086299896,143.55362951755524,hbm,960,0,0,True
sglang-orbitkv,sglang,orbitkv,1024,0,after_pressure,31.310465186834335,119.72372978925705,external,960,141557760.0,2.960479,True
sglang-orbitkv,sglang,orbitkv,1024,1,cold,118.20665746927261,206.7398689687252,miss,0,0,0,True
sglang-orbitkv,sglang,orbitkv,1024,1,hbm_hit,28.78447249531746,117.32426658272743,hbm,960,0,0,False
sglang-orbitkv,sglang,orbitkv,1024,1,after_pressure,31.440552324056625,119.77170407772064,external,960,141557760.0,2.8662120000000004,False
sglang-orbitkv,sglang,orbitkv,1024,2,cold,117.7058294415474,206.55140653252602,miss,0,0,0,True
sglang-orbitkv,sglang,orbitkv,1024,2,hbm_hit,28.255008161067963,117.02638491988182,hbm,960,0,0,True
sglang-orbitkv,sglang,orbitkv,1024,2,after_pressure,30.613426119089127,119.09332871437073,external,960,141557760.0,2.881321000000001,True
sglang-orbitkv,sglang,orbitkv,1024,3,cold,118.27468127012253,207.4769139289856,miss,0,0,0,True
sglang-orbitkv,sglang,orbitkv,1024,3,hbm_hit,43.59578341245651,131.57463818788528,hbm,960,0,0,True
sglang-orbitkv,sglang,orbitkv,1024,3,after_pressure,46.38448357582092,134.35158133506775,external,960,141557760.0,2.8697670000000004,True
sglang-orbitkv,sglang,orbitkv,1024,4,cold,117.73402616381645,206.41938596963882,miss,0,0,0,True
sglang-orbitkv,sglang,orbitkv,1024,4,hbm_hit,28.3505842089653,117.00603738427162,hbm,960,0,0,True
sglang-orbitkv,sglang,orbitkv,1024,4,after_pressure,31.598132103681564,119.74142491817474,external,960,141557760.0,2.859780000000001,True
sglang-orbitkv,sglang,orbitkv,4096,0,cold,473.98586198687553,565.745260566473,miss,0,0,0,True
sglang-orbitkv,sglang,orbitkv,4096,0,hbm_hit,33.34316238760948,125.52065774798393,hbm,4032,0,0,True
sglang-orbitkv,sglang,orbitkv,4096,0,after_pressure,41.00466892123222,132.66587629914284,external,4032,594542592.0,12.242911000000003,True
sglang-orbitkv,sglang,orbitkv,4096,1,cold,476.2410372495651,567.4062632024288,miss,0,0,0,True
sglang-orbitkv,sglang,orbitkv,4096,1,hbm_hit,28.876684606075287,121.05987593531609,hbm,4032,0,0,True
sglang-orbitkv,sglang,orbitkv,4096,1,after_pressure,45.629024505615234,137.38271221518517,external,4032,594542592.0,11.803938,True
sglang-orbitkv,sglang,orbitkv,4096,2,cold,473.6758917570114,564.2405413091183,miss,0,0,0,True
sglang-orbitkv,sglang,orbitkv,4096,2,hbm_hit,28.616566210985184,120.69953978061676,hbm,4032,0,0,True
sglang-orbitkv,sglang,orbitkv,4096,2,after_pressure,42.681630700826645,135.46373695135117,external,4032,594542592.0,13.050636999999996,True
sglang-orbitkv,sglang,orbitkv,4096,3,cold,476.07727721333504,567.6703304052353,miss,0,0,0,True
sglang-orbitkv,sglang,orbitkv,4096,3,hbm_hit,28.35112437605858,120.46493589878082,hbm,4032,0,0,True
sglang-orbitkv,sglang,orbitkv,4096,3,after_pressure,42.30749234557152,134.29707661271095,external,4032,594542592.0,13.537706999999996,True
sglang-orbitkv,sglang,orbitkv,4096,4,cold,473.99209439754486,565.661396831274,miss,0,0,0,True
sglang-orbitkv,sglang,orbitkv,4096,4,hbm_hit,31.227312982082367,122.57447466254234,hbm,4032,0,0,True
sglang-orbitkv,sglang,orbitkv,4096,4,after_pressure,40.570348501205444,132.54863396286964,external,4032,594542592.0,12.618509,True
sglang-orbitkv,sglang,orbitkv,8192,0,cold,1002.0815841853619,1099.6489115059376,miss,0,0,0,True
sglang-orbitkv,sglang,orbitkv,8192,0,hbm_hit,29.139433056116104,126.90836563706398,hbm,8128,0,0,True
sglang-orbitkv,sglang,orbitkv,8192,0,after_pressure,55.806998163461685,153.28561514616013,external,8128,1198522368.0,25.794897,True
sglang-orbitkv,sglang,orbitkv,8192,1,cold,1002.1396726369858,1099.5279364287853,miss,0,0,0,True
sglang-orbitkv,sglang,orbitkv,8192,1,hbm_hit,28.672076761722565,126.4708936214447,hbm,8128,0,0,True
sglang-orbitkv,sglang,orbitkv,8192,1,after_pressure,56.15203082561493,153.74257415533066,external,8128,1198522368.0,26.498530999999993,True
sglang-orbitkv,sglang,orbitkv,8192,2,cold,1001.5753470361233,1099.3503965437412,miss,0,0,0,True
sglang-orbitkv,sglang,orbitkv,8192,2,hbm_hit,28.783611953258514,128.0558444559574,hbm,8128,0,0,True
sglang-orbitkv,sglang,orbitkv,8192,2,after_pressure,55.74947968125343,153.31711620092392,external,8128,1198522368.0,26.039817999999993,True
sglang-orbitkv,sglang,orbitkv,8192,3,cold,1002.4412013590336,1099.991898983717,miss,0,0,0,True
sglang-orbitkv,sglang,orbitkv,8192,3,hbm_hit,28.41876819729805,126.3236440718174,hbm,8128,0,0,True
sglang-orbitkv,sglang,orbitkv,8192,3,after_pressure,56.49614334106445,154.0740765631199,external,8128,1198522368.0,27.162430999999987,True
sglang-orbitkv,sglang,orbitkv,8192,4,cold,1001.5260390937328,1099.2015041410923,miss,0,0,0,True
sglang-orbitkv,sglang,orbitkv,8192,4,hbm_hit,28.63704040646553,126.3580210506916,hbm,8128,0,0,True
sglang-orbitkv,sglang,orbitkv,8192,4,after_pressure,57.050976902246475,154.6974629163742,external,8128,1198522368.0,26.562168999999997,True
vllm-orbitkv-ready,vllm,orbitkv,1024,0,cold,118.96495521068573,209.61065962910652,miss,0,0,0,True
vllm-orbitkv-ready,vllm,orbitkv,1024,0,hbm_hit,21.149061620235443,111.64148151874542,mixed,1023,9437184.0,0.368678,True
vllm-orbitkv-ready,vllm,orbitkv,1024,0,after_pressure,24.607814848423004,115.04159867763519,external,1023,150994944.0,4.674961,True
vllm-orbitkv-ready,vllm,orbitkv,1024,1,cold,118.7313012778759,209.69032496213913,miss,0,0,0,True
vllm-orbitkv-ready,vllm,orbitkv,1024,1,hbm_hit,20.192015916109085,110.50591617822647,mixed,1023,9437184.0,0.3382619999999998,False
vllm-orbitkv-ready,vllm,orbitkv,1024,1,after_pressure,23.993145674467087,114.36799168586731,external,1023,150994944.0,4.637525,False
vllm-orbitkv-ready,vllm,orbitkv,1024,2,cold,118.64347383379936,209.35403555631638,miss,0,0,0,True
vllm-orbitkv-ready,vllm,orbitkv,1024,2,hbm_hit,19.87139880657196,110.3331707417965,mixed,1023,9437184.0,0.3393819999999992,True
vllm-orbitkv-ready,vllm,orbitkv,1024,2,after_pressure,24.159714579582214,114.46598544716835,external,1023,150994944.0,4.646704,True
vllm-orbitkv-ready,vllm,orbitkv,1024,3,cold,118.54197457432747,209.33623984456062,miss,0,0,0,True
vllm-orbitkv-ready,vllm,orbitkv,1024,3,hbm_hit,19.94289830327034,110.30516773462296,mixed,1023,9437184.0,0.3388049999999993,False
vllm-orbitkv-ready,vllm,orbitkv,1024,3,after_pressure,23.754075169563293,114.08763751387596,external,1023,150994944.0,4.629382,False
vllm-orbitkv-ready,vllm,orbitkv,1024,4,cold,118.79345029592514,209.44494754076004,miss,0,0,0,True
vllm-orbitkv-ready,vllm,orbitkv,1024,4,hbm_hit,19.986875355243683,110.383041203022,mixed,1023,9437184.0,0.3383030000000016,True
vllm-orbitkv-ready,vllm,orbitkv,1024,4,after_pressure,23.985039442777634,114.393450319767,external,1023,150994944.0,4.6331489999999995,True
vllm-orbitkv-ready,vllm,orbitkv,4096,0,cold,476.6039364039898,569.1905431449413,miss,0,0,0,True
vllm-orbitkv-ready,vllm,orbitkv,4096,0,hbm_hit,22.388171404600143,114.91697654128075,mixed,4095,9437184.0,0.3371180000000008,True
vllm-orbitkv-ready,vllm,orbitkv,4096,0,after_pressure,33.68602320551872,126.23623386025429,external,4095,603979776.0,12.190654999999998,True
vllm-orbitkv-ready,vllm,orbitkv,4096,1,cold,476.7119586467743,569.453451782465,miss,0,0,0,True
vllm-orbitkv-ready,vllm,orbitkv,4096,1,hbm_hit,24.337973445653915,115.12596532702446,mixed,4095,9437184.0,0.33831100000000086,True
vllm-orbitkv-ready,vllm,orbitkv,4096,1,after_pressure,39.43321481347084,131.84083253145218,external,4095,603979776.0,17.014294999999997,True
vllm-orbitkv-ready,vllm,orbitkv,4096,2,cold,476.42403841018677,568.9164809882641,miss,0,0,0,True
vllm-orbitkv-ready,vllm,orbitkv,4096,2,hbm_hit,22.216472774744034,114.60768431425095,mixed,4095,9437184.0,0.3412959999999979,True
vllm-orbitkv-ready,vllm,orbitkv,4096,2,after_pressure,33.7214432656765,126.27978250384331,external,4095,603979776.0,12.202413000000002,True
vllm-orbitkv-ready,vllm,orbitkv,4096,3,cold,476.2677699327469,568.817600607872,miss,0,0,0,True
vllm-orbitkv-ready,vllm,orbitkv,4096,3,hbm_hit,22.22059667110443,114.82112109661102,mixed,4095,9437184.0,0.33651499999999557,True
vllm-orbitkv-ready,vllm,orbitkv,4096,3,after_pressure,38.80191966891289,131.2623880803585,external,4095,603979776.0,16.765194999999995,True
vllm-orbitkv-ready,vllm,orbitkv,4096,4,cold,476.0497249662876,569.3274401128292,miss,0,0,0,True
vllm-orbitkv-ready,vllm,orbitkv,4096,4,hbm_hit,22.234342992305756,114.76310342550278,mixed,4095,9437184.0,0.3455900000000067,True
vllm-orbitkv-ready,vllm,orbitkv,4096,4,after_pressure,34.918177872896194,127.47427448630333,external,4095,603979776.0,12.459300000000006,True
vllm-orbitkv-ready,vllm,orbitkv,8192,0,cold,1006.6674612462521,1104.181058704853,miss,0,0,0,True
vllm-orbitkv-ready,vllm,orbitkv,8192,0,hbm_hit,24.962548166513443,121.66105210781097,mixed,8191,9437184.0,0.3385620000000006,True
vllm-orbitkv-ready,vllm,orbitkv,8192,0,after_pressure,52.722133696079254,149.55062046647072,external,8191,1207959552.0,28.34866100000001,True
vllm-orbitkv-ready,vllm,orbitkv,8192,1,cold,1006.5015889704227,1103.9247401058674,miss,0,0,0,True
vllm-orbitkv-ready,vllm,orbitkv,8192,1,hbm_hit,25.00363439321518,121.78561463952065,mixed,8191,9437184.0,0.3454440000000003,True
vllm-orbitkv-ready,vllm,orbitkv,8192,1,after_pressure,62.108587473630905,158.7790660560131,external,8191,1207959552.0,31.581428999999993,True
vllm-orbitkv-ready,vllm,orbitkv,8192,2,cold,1008.4039159119129,1104.3883115053177,miss,0,0,0,True
vllm-orbitkv-ready,vllm,orbitkv,8192,2,hbm_hit,25.068212300539017,121.89706042408943,mixed,8191,9437184.0,0.3459819999999947,True
vllm-orbitkv-ready,vllm,orbitkv,8192,2,after_pressure,56.32850527763367,153.16150709986687,external,8191,1207959552.0,32.16490099999999,True
vllm-orbitkv-ready,vllm,orbitkv,8192,3,cold,1006.8063959479332,1104.202289134264,miss,0,0,0,True
vllm-orbitkv-ready,vllm,orbitkv,8192,3,hbm_hit,25.214485824108124,121.89323082566261,mixed,8191,9437184.0,0.3476099999999982,True
vllm-orbitkv-ready,vllm,orbitkv,8192,3,after_pressure,53.961098194122314,150.6999246776104,external,8191,1207959552.0,28.790442,True
vllm-orbitkv-ready,vllm,orbitkv,8192,4,cold,1006.7599229514599,1104.969386011362,miss,0,0,0,True
vllm-orbitkv-ready,vllm,orbitkv,8192,4,hbm_hit,25.22749826312065,122.09659814834595,mixed,8191,9437184.0,0.34267499999998674,True
vllm-orbitkv-ready,vllm,orbitkv,8192,4,after_pressure,52.68903076648712,149.50528740882874,external,8191,1207959552.0,28.378448,True
vllm-lmcache-mp,vllm,lmcache,1024,0,cold,121.10568955540657,215.59510007500648,miss,0,0,0,True
vllm-lmcache-mp,vllm,lmcache,1024,0,hbm_hit,25.096286088228226,112.8627099096775,mixed,1023,0,0,True
vllm-lmcache-mp,vllm,lmcache,1024,0,after_pressure,26.875369250774384,113.63117769360542,external,1023,0,0,True
vllm-lmcache-mp,vllm,lmcache,1024,1,cold,120.74955552816391,215.39531275629997,miss,0,0,0,True
vllm-lmcache-mp,vllm,lmcache,1024,1,hbm_hit,23.57609197497368,111.44328489899635,mixed,1023,0,0,False
vllm-lmcache-mp,vllm,lmcache,1024,1,after_pressure,28.064969927072525,116.06909707188606,external,1023,0,0,False
vllm-lmcache-mp,vllm,lmcache,1024,2,cold,121.035385876894,215.56273102760315,miss,0,0,0,True
vllm-lmcache-mp,vllm,lmcache,1024,2,hbm_hit,23.435797542333603,111.26496270298958,mixed,1023,0,0,True
vllm-lmcache-mp,vllm,lmcache,1024,2,after_pressure,25.54997056722641,113.51767182350159,external,1023,0,0,True
vllm-lmcache-mp,vllm,lmcache,1024,3,cold,120.89569494128227,215.6168408691883,miss,0,0,0,True
vllm-lmcache-mp,vllm,lmcache,1024,3,hbm_hit,23.232512176036835,111.14262416958809,mixed,1023,0,0,False
vllm-lmcache-mp,vllm,lmcache,1024,3,after_pressure,26.10129490494728,113.86427655816078,external,1023,0,0,False
vllm-lmcache-mp,vllm,lmcache,1024,4,cold,120.86157128214836,215.5185043811798,miss,0,0,0,True
vllm-lmcache-mp,vllm,lmcache,1024,4,hbm_hit,23.33739399909973,111.17229983210564,mixed,1023,0,0,True
vllm-lmcache-mp,vllm,lmcache,1024,4,after_pressure,29.663387686014175,117.31253191828728,external,1023,0,0,True
vllm-lmcache-mp,vllm,lmcache,4096,0,cold,481.1698906123638,586.7713764309883,miss,0,0,0,True
vllm-lmcache-mp,vllm,lmcache,4096,0,hbm_hit,29.41649779677391,119.59771066904068,mixed,4095,0,0,True
vllm-lmcache-mp,vllm,lmcache,4096,0,after_pressure,42.33174026012421,132.14505091309547,external,4095,0,0,True
vllm-lmcache-mp,vllm,lmcache,4096,1,cold,480.3919643163681,586.0995575785637,miss,0,0,0,True
vllm-lmcache-mp,vllm,lmcache,4096,1,hbm_hit,28.730109333992004,118.98015812039375,mixed,4095,0,0,True
vllm-lmcache-mp,vllm,lmcache,4096,1,after_pressure,39.31491822004318,129.42826747894287,external,4095,0,0,True
vllm-lmcache-mp,vllm,lmcache,4096,2,cold,481.40234500169754,587.341632694006,miss,0,0,0,True
vllm-lmcache-mp,vllm,lmcache,4096,2,hbm_hit,29.61806207895279,119.52286586165428,mixed,4095,0,0,True
vllm-lmcache-mp,vllm,lmcache,4096,2,after_pressure,39.31242600083351,129.82749566435814,external,4095,0,0,True
vllm-lmcache-mp,vllm,lmcache,4096,3,cold,481.0677580535412,587.0572999119759,miss,0,0,0,True
vllm-lmcache-mp,vllm,lmcache,4096,3,hbm_hit,30.04886955022812,120.2191486954689,mixed,4095,0,0,True
vllm-lmcache-mp,vllm,lmcache,4096,3,after_pressure,39.99203070998192,130.01718372106552,external,4095,0,0,True
vllm-lmcache-mp,vllm,lmcache,4096,4,cold,479.8264428973198,586.173988878727,miss,0,0,0,True
vllm-lmcache-mp,vllm,lmcache,4096,4,hbm_hit,31.189262866973877,121.32157385349274,mixed,4095,0,0,True
vllm-lmcache-mp,vllm,lmcache,4096,4,after_pressure,39.610356092453,129.7481469810009,external,4095,0,0,True
vllm-lmcache-mp,vllm,lmcache,8192,0,cold,1010.3281103074551,1121.7090003192425,miss,0,0,0,True
vllm-lmcache-mp,vllm,lmcache,8192,0,hbm_hit,31.974956393241882,126.50837004184723,mixed,8191,0,0,True
vllm-lmcache-mp,vllm,lmcache,8192,0,after_pressure,56.13498017191887,150.59693157672882,external,8191,0,0,True
vllm-lmcache-mp,vllm,lmcache,8192,1,cold,1011.5642473101616,1121.027883142233,miss,0,0,0,True
vllm-lmcache-mp,vllm,lmcache,8192,1,hbm_hit,32.25814923644066,126.62659212946892,mixed,8191,0,0,True
vllm-lmcache-mp,vllm,lmcache,8192,1,after_pressure,55.66298961639404,149.89805594086647,external,8191,0,0,True
vllm-lmcache-mp,vllm,lmcache,8192,2,cold,1010.6816850602627,1122.1249103546143,miss,0,0,0,True
vllm-lmcache-mp,vllm,lmcache,8192,2,hbm_hit,31.863395124673843,126.14806741476059,mixed,8191,0,0,True
vllm-lmcache-mp,vllm,lmcache,8192,2,after_pressure,57.58281797170639,151.97789669036865,external,8191,0,0,True
vllm-lmcache-mp,vllm,lmcache,8192,3,cold,1012.156754732132,1121.7263638973236,miss,0,0,0,True
vllm-lmcache-mp,vllm,lmcache,8192,3,hbm_hit,32.18066692352295,126.51990354061127,mixed,8191,0,0,True
vllm-lmcache-mp,vllm,lmcache,8192,3,after_pressure,56.652288883924484,151.09989047050476,external,8191,0,0,True
vllm-lmcache-mp,vllm,lmcache,8192,4,cold,1010.3944726288319,1121.7321492731571,miss,0,0,0,True
vllm-lmcache-mp,vllm,lmcache,8192,4,hbm_hit,31.988270580768585,126.18273124098778,mixed,8191,0,0,True
vllm-lmcache-mp,vllm,lmcache,8192,4,after_pressure,57.10432678461075,151.32664889097214,external,8191,0,0,True
sglang-lmcache-mp,sglang,lmcache,1024,0,cold,118.23903024196625,216.68637543916702,miss,0,0,0,True
sglang-lmcache-mp,sglang,lmcache,1024,0,hbm_hit,36.66334226727486,128.9624162018299,hbm,960,0,0,True
sglang-lmcache-mp,sglang,lmcache,1024,0,after_pressure,33.120062202215195,125.50117820501328,external,960,0,0,True
sglang-lmcache-mp,sglang,lmcache,1024,1,cold,118.13709139823914,216.98378771543503,miss,0,0,0,True
sglang-lmcache-mp,sglang,lmcache,1024,1,hbm_hit,28.82371097803116,121.1034469306469,hbm,960,0,0,False
sglang-lmcache-mp,sglang,lmcache,1024,1,after_pressure,32.995328307151794,125.37028267979622,external,960,0,0,False
sglang-lmcache-mp,sglang,lmcache,1024,2,cold,117.97038838267326,216.54029935598373,miss,0,0,0,True
sglang-lmcache-mp,sglang,lmcache,1024,2,hbm_hit,28.38410809636116,120.76298519968987,hbm,960,0,0,True
sglang-lmcache-mp,sglang,lmcache,1024,2,after_pressure,33.65207463502884,125.95874443650246,external,960,0,0,True
sglang-lmcache-mp,sglang,lmcache,1024,3,cold,117.91743710637093,216.4659984409809,miss,0,0,0,True
sglang-lmcache-mp,sglang,lmcache,1024,3,hbm_hit,28.183717280626297,120.3596256673336,hbm,960,0,0,True
sglang-lmcache-mp,sglang,lmcache,1024,3,after_pressure,33.17153826355934,125.49743428826332,external,960,0,0,True
sglang-lmcache-mp,sglang,lmcache,1024,4,cold,117.8252063691616,216.53900295495987,miss,0,0,0,True
sglang-lmcache-mp,sglang,lmcache,1024,4,hbm_hit,28.52853015065193,120.70204690098763,hbm,960,0,0,True
sglang-lmcache-mp,sglang,lmcache,1024,4,after_pressure,33.17619115114212,125.40283054113388,external,960,0,0,True
sglang-lmcache-mp,sglang,lmcache,4096,0,cold,473.8621674478054,586.5853615105152,miss,0,0,0,True
sglang-lmcache-mp,sglang,lmcache,4096,0,hbm_hit,29.9040786921978,126.27167254686356,hbm,4032,0,0,True
sglang-lmcache-mp,sglang,lmcache,4096,0,after_pressure,43.980397284030914,140.4474452137947,external,4032,0,0,True
sglang-lmcache-mp,sglang,lmcache,4096,1,cold,473.8023243844509,586.5164250135422,miss,0,0,0,True
sglang-lmcache-mp,sglang,lmcache,4096,1,hbm_hit,29.6156145632267,125.86939707398415,hbm,4032,0,0,True
sglang-lmcache-mp,sglang,lmcache,4096,1,after_pressure,44.03623193502426,140.57553559541702,external,4032,0,0,True
sglang-lmcache-mp,sglang,lmcache,4096,2,cold,474.05579313635826,586.7061503231525,miss,0,0,0,True
sglang-lmcache-mp,sglang,lmcache,4096,2,hbm_hit,29.366154223680496,125.72643533349037,hbm,4032,0,0,True
sglang-lmcache-mp,sglang,lmcache,4096,2,after_pressure,45.01696676015854,141.36428013443947,external,4032,0,0,True
sglang-lmcache-mp,sglang,lmcache,4096,3,cold,474.173866212368,586.836002767086,miss,0,0,0,True
sglang-lmcache-mp,sglang,lmcache,4096,3,hbm_hit,29.48548272252083,125.79642236232758,hbm,4032,0,0,True
sglang-lmcache-mp,sglang,lmcache,4096,3,after_pressure,43.994102627038956,140.46913757920265,external,4032,0,0,True
sglang-lmcache-mp,sglang,lmcache,4096,4,cold,474.0101397037506,586.6889208555222,miss,0,0,0,True
sglang-lmcache-mp,sglang,lmcache,4096,4,hbm_hit,29.65393289923668,126.12323090434074,hbm,4032,0,0,True
sglang-lmcache-mp,sglang,lmcache,4096,4,after_pressure,44.08860206604004,140.81721752882004,external,4032,0,0,True
sglang-lmcache-mp,sglang,lmcache,8192,0,cold,1004.0372610092163,1137.594886124134,miss,0,0,0,True
sglang-lmcache-mp,sglang,lmcache,8192,0,hbm_hit,31.501423567533493,134.31403413414955,hbm,8128,0,0,True
sglang-lmcache-mp,sglang,lmcache,8192,0,after_pressure,58.27014893293381,161.02397814393044,external,8128,0,0,True
sglang-lmcache-mp,sglang,lmcache,8192,1,cold,1002.483207732439,1135.5409659445286,miss,0,0,0,True
sglang-lmcache-mp,sglang,lmcache,8192,1,hbm_hit,31.016673892736435,133.9903138577938,hbm,8128,0,0,True
sglang-lmcache-mp,sglang,lmcache,8192,1,after_pressure,58.94535407423973,161.7010459303856,external,8128,0,0,True
sglang-lmcache-mp,sglang,lmcache,8192,2,cold,1002.1822974085808,1135.1418420672417,miss,0,0,0,True
sglang-lmcache-mp,sglang,lmcache,8192,2,hbm_hit,31.04880079627037,133.75338912010193,hbm,8128,0,0,True
sglang-lmcache-mp,sglang,lmcache,8192,2,after_pressure,58.26308950781822,160.8227752149105,external,8128,0,0,True
sglang-lmcache-mp,sglang,lmcache,8192,3,cold,1002.1871700882912,1135.474618524313,miss,0,0,0,True
sglang-lmcache-mp,sglang,lmcache,8192,3,hbm_hit,31.103938817977905,133.5831992328167,hbm,8128,0,0,True
sglang-lmcache-mp,sglang,lmcache,8192,3,after_pressure,58.760546147823334,161.39137744903564,external,8128,0,0,True
sglang-lmcache-mp,sglang,lmcache,8192,4,cold,1002.4455189704895,1135.3932991623878,miss,0,0,0,True
sglang-lmcache-mp,sglang,lmcache,8192,4,hbm_hit,31.141288578510284,133.49764049053192,hbm,8128,0,0,True
sglang-lmcache-mp,sglang,lmcache,8192,4,after_pressure,60.03502756357193,162.77294605970383,external,8128,0,0,True
vllm-orbitkv-kernel,vllm,orbitkv,1024,0,cold,119.14978176355362,210.97509190440178,miss,0,0,0,True
vllm-orbitkv-kernel,vllm,orbitkv,1024,0,hbm_hit,21.488331258296967,109.10969227552414,mixed,1023,9437184.0,0.530214,True
vllm-orbitkv-kernel,vllm,orbitkv,1024,0,after_pressure,24.43307638168335,112.10564523935318,external,1023,150994944.0,5.081068,True
vllm-orbitkv-kernel,vllm,orbitkv,1024,1,cold,119.19504776597023,211.08706295490265,miss,0,0,0,True
vllm-orbitkv-kernel,vllm,orbitkv,1024,1,hbm_hit,20.53205668926239,108.2453802227974,mixed,1023,9437184.0,0.6262220000000001,False
vllm-orbitkv-kernel,vllm,orbitkv,1024,1,after_pressure,24.11612868309021,111.90108954906464,external,1023,150994944.0,4.894679,False
vllm-orbitkv-kernel,vllm,orbitkv,1024,2,cold,118.95189061760902,210.66269651055336,miss,0,0,0,True
vllm-orbitkv-kernel,vllm,orbitkv,1024,2,hbm_hit,20.34401148557663,108.13619568943977,mixed,1023,9437184.0,0.44367099999999965,True
vllm-orbitkv-kernel,vllm,orbitkv,1024,2,after_pressure,24.31374043226242,111.95602267980576,external,1023,150994944.0,4.923303000000001,True
vllm-orbitkv-kernel,vllm,orbitkv,1024,3,cold,118.31776052713394,210.41914448142052,miss,0,0,0,True
vllm-orbitkv-kernel,vllm,orbitkv,1024,3,hbm_hit,20.780064165592194,108.59070718288422,mixed,1023,9437184.0,0.41969000000000034,False
vllm-orbitkv-kernel,vllm,orbitkv,1024,3,after_pressure,24.312470108270645,111.86789348721504,external,1023,150994944.0,4.640640000000001,False
vllm-orbitkv-kernel,vllm,orbitkv,1024,4,cold,118.91491711139679,210.49824729561806,miss,0,0,0,True
vllm-orbitkv-kernel,vllm,orbitkv,1024,4,hbm_hit,20.471341907978058,108.08999836444855,mixed,1023,9437184.0,0.426395999999999,True
vllm-orbitkv-kernel,vllm,orbitkv,1024,4,after_pressure,24.27486702799797,111.93441227078438,external,1023,150994944.0,4.660806,True
vllm-orbitkv-kernel,vllm,orbitkv,4096,0,cold,476.1997237801552,582.5818181037903,miss,0,0,0,True
vllm-orbitkv-kernel,vllm,orbitkv,4096,0,hbm_hit,23.044899106025696,112.84245178103447,mixed,4095,9437184.0,0.47371499999999955,True
vllm-orbitkv-kernel,vllm,orbitkv,4096,0,after_pressure,42.55774989724159,132.3891021311283,external,4095,603979776.0,20.075377,True
vllm-orbitkv-kernel,vllm,orbitkv,4096,1,cold,477.5874838232994,581.9863975048065,miss,0,0,0,True
vllm-orbitkv-kernel,vllm,orbitkv,4096,1,hbm_hit,22.462371736764908,112.4604381620884,mixed,4095,9437184.0,0.4391990000000012,True
vllm-orbitkv-kernel,vllm,orbitkv,4096,1,after_pressure,42.981743812561035,132.89804756641388,external,4095,603979776.0,19.554119,True
vllm-orbitkv-kernel,vllm,orbitkv,4096,2,cold,476.49042680859566,581.4487747848034,miss,0,0,0,True
vllm-orbitkv-kernel,vllm,orbitkv,4096,2,hbm_hit,22.860538214445114,112.77200281620026,mixed,4095,9437184.0,0.42019000000000084,True
vllm-orbitkv-kernel,vllm,orbitkv,4096,2,after_pressure,41.5358692407608,131.3791386783123,external,4095,603979776.0,18.773497,True
vllm-orbitkv-kernel,vllm,orbitkv,4096,3,cold,476.5600450336933,582.5680643320084,miss,0,0,0,True
vllm-orbitkv-kernel,vllm,orbitkv,4096,3,hbm_hit,22.556975483894348,112.48786747455597,mixed,4095,9437184.0,0.461536999999998,True
vllm-orbitkv-kernel,vllm,orbitkv,4096,3,after_pressure,42.57883131504059,132.5266845524311,external,4095,603979776.0,19.837677,True
vllm-orbitkv-kernel,vllm,orbitkv,4096,4,cold,476.8070876598358,582.2376161813736,miss,0,0,0,True
vllm-orbitkv-kernel,vllm,orbitkv,4096,4,hbm_hit,22.86728471517563,112.80383169651031,mixed,4095,9437184.0,0.4375600000000035,True
vllm-orbitkv-kernel,vllm,orbitkv,4096,4,after_pressure,42.64311492443085,132.6300911605358,external,4095,603979776.0,19.78592400000001,True
vllm-orbitkv-kernel,vllm,orbitkv,8192,0,cold,1006.1076059937477,1131.5181851387024,miss,0,0,0,True
vllm-orbitkv-kernel,vllm,orbitkv,8192,0,hbm_hit,25.849785655736923,120.02050504088402,mixed,8191,9437184.0,0.453207000000011,True
vllm-orbitkv-kernel,vllm,orbitkv,8192,0,after_pressure,63.76330181956291,157.9333357512951,external,8191,1207959552.0,38.661264,True
vllm-orbitkv-kernel,vllm,orbitkv,8192,1,cold,1007.1792379021645,1132.9462565481663,miss,0,0,0,True
vllm-orbitkv-kernel,vllm,orbitkv,8192,1,hbm_hit,25.417350232601166,119.71055716276169,mixed,8191,9437184.0,0.43029699999999615,True
vllm-orbitkv-kernel,vllm,orbitkv,8192,1,after_pressure,62.64211982488632,156.94234520196915,external,8191,1207959552.0,37.79348500000002,True
vllm-orbitkv-kernel,vllm,orbitkv,8192,2,cold,1007.2589963674545,1133.1139765679836,miss,0,0,0,True
vllm-orbitkv-kernel,vllm,orbitkv,8192,2,hbm_hit,25.4385843873024,119.59899216890335,mixed,8191,9437184.0,0.4551760000000016,True
vllm-orbitkv-kernel,vllm,orbitkv,8192,2,after_pressure,64.288679510355,158.40693563222885,external,8191,1207959552.0,40.11698599999999,True
vllm-orbitkv-kernel,vllm,orbitkv,8192,3,cold,1006.8934299051762,1132.496252655983,miss,0,0,0,True
vllm-orbitkv-kernel,vllm,orbitkv,8192,3,hbm_hit,24.67932179570198,118.59654635190964,mixed,8191,9437184.0,0.43982300000000585,True
vllm-orbitkv-kernel,vllm,orbitkv,8192,3,after_pressure,63.40287998318672,157.23584592342377,external,8191,1207959552.0,39.415801,True
vllm-orbitkv-kernel,vllm,orbitkv,8192,4,cold,1006.6407360136509,1132.3349103331566,miss,0,0,0,True
vllm-orbitkv-kernel,vllm,orbitkv,8192,4,hbm_hit,25.368690490722656,120.3351579606533,mixed,8191,9437184.0,0.4314200000000157,True
vllm-orbitkv-kernel,vllm,orbitkv,8192,4,after_pressure,62.79343366622925,156.90872073173523,external,8191,1207959552.0,38.79864300000002,True
