engine,backend,length,repeat,phase,ttft_ms,e2e_ms,cache_source,cached_tokens,orbitkv_load_bytes,orbitkv_load_ms,matches_cold_output
vllm,native,1024,0,cold,118.16675215959549,209.1640755534172,miss,0,0,0,True
vllm,native,1024,0,hbm_hit,29.347192496061325,119.878601282835,hbm,960,0,0,True
vllm,native,1024,0,after_pressure,117.8579069674015,208.84792506694794,miss,0,0,0,True
vllm,native,1024,1,cold,117.79696494340897,208.69705826044083,miss,0,0,0,True
vllm,native,1024,1,hbm_hit,21.810948848724365,112.23834380507469,hbm,960,0,0,False
vllm,native,1024,1,after_pressure,117.61368438601494,208.68772268295288,miss,0,0,0,True
vllm,native,1024,2,cold,117.69724637269974,208.67694541811943,miss,0,0,0,True
vllm,native,1024,2,hbm_hit,21.218761801719666,111.66972294449806,hbm,960,0,0,True
vllm,native,1024,2,after_pressure,118.20463091135025,208.87425914406776,miss,0,0,0,True
vllm,native,1024,3,cold,117.94083192944527,208.83361995220184,miss,0,0,0,True
vllm,native,1024,3,hbm_hit,21.206781268119812,111.53377965092659,hbm,960,0,0,False
vllm,native,1024,3,after_pressure,117.69498139619827,208.79758149385452,miss,0,0,0,True
vllm,native,1024,4,cold,118.9739778637886,208.75918492674828,miss,0,0,0,True
vllm,native,1024,4,hbm_hit,21.240290254354477,111.63373291492462,hbm,960,0,0,True
vllm,native,1024,4,after_pressure,117.61173978447914,208.6871862411499,miss,0,0,0,True
vllm,native,4096,0,cold,475.20188242197037,568.2860426604748,miss,0,0,0,True
vllm,native,4096,0,hbm_hit,23.233480751514435,115.7771535217762,hbm,4032,0,0,True
vllm,native,4096,0,after_pressure,475.2140901982784,568.0501610040665,miss,0,0,0,True
vllm,native,4096,1,cold,475.2979464828968,567.9054595530033,miss,0,0,0,True
vllm,native,4096,1,hbm_hit,23.594923317432404,116.41545221209526,hbm,4032,0,0,True
vllm,native,4096,1,after_pressure,475.29780864715576,568.0909268558025,miss,0,0,0,True
vllm,native,4096,2,cold,476.0819114744663,567.9612942039967,miss,0,0,0,True
vllm,native,4096,2,hbm_hit,23.96627515554428,116.51395261287689,hbm,4032,0,0,True
vllm,native,4096,2,after_pressure,475.46106949448586,568.5225501656532,miss,0,0,0,True
vllm,native,4096,3,cold,474.9036766588688,567.8229965269566,miss,0,0,0,True
vllm,native,4096,3,hbm_hit,23.85963499546051,116.40128120779991,hbm,4032,0,0,True
vllm,native,4096,3,after_pressure,474.9995954334736,567.8102746605873,miss,0,0,0,True
vllm,native,4096,4,cold,475.12897849082947,567.9278671741486,miss,0,0,0,True
vllm,native,4096,4,hbm_hit,23.52060377597809,115.9592717885971,hbm,4032,0,0,True
vllm,native,4096,4,after_pressure,475.1643165946007,568.1200176477432,miss,0,0,0,True
vllm,native,8192,0,cold,1005.9722997248173,1103.100098669529,miss,0,0,0,True
vllm,native,8192,0,hbm_hit,26.61311626434326,124.3341937661171,hbm,8128,0,0,True
vllm,native,8192,0,after_pressure,1005.7083405554295,1102.6851758360863,miss,0,0,0,True
vllm,native,8192,1,cold,1005.683246999979,1102.6892438530922,miss,0,0,0,True
vllm,native,8192,1,hbm_hit,26.23443305492401,123.83721768856049,hbm,8128,0,0,True
vllm,native,8192,1,after_pressure,1005.9451125562191,1102.7800291776657,miss,0,0,0,True
vllm,native,8192,2,cold,1005.8824568986893,1102.7619615197182,miss,0,0,0,True
vllm,native,8192,2,hbm_hit,26.43107995390892,123.9691972732544,hbm,8128,0,0,True
vllm,native,8192,2,after_pressure,1005.6116729974747,1102.5793924927711,miss,0,0,0,True
vllm,native,8192,3,cold,1005.8496259152889,1102.5804616510868,miss,0,0,0,True
vllm,native,8192,3,hbm_hit,26.247046887874603,123.6841045320034,hbm,8128,0,0,True
vllm,native,8192,3,after_pressure,1005.4465942084789,1102.4860441684723,miss,0,0,0,True
vllm,native,8192,4,cold,1005.2969269454479,1102.4931445717812,miss,0,0,0,True
vllm,native,8192,4,hbm_hit,26.167619973421097,123.90054762363434,hbm,8128,0,0,True
vllm,native,8192,4,after_pressure,1006.1081796884537,1103.1334027647972,miss,0,0,0,True
vllm,cpu,1024,0,cold,118.17244067788124,208.5273154079914,miss,0,0,0,True
vllm,cpu,1024,0,hbm_hit,20.51064372062683,110.35919561982155,mixed,1024,0,0,True
vllm,cpu,1024,0,after_pressure,26.112738996744156,115.50357192754745,external,1024,0,0,True
vllm,cpu,1024,1,cold,118.05012449622154,208.14550668001175,miss,0,0,0,True
vllm,cpu,1024,1,hbm_hit,19.66915652155876,109.54144597053528,mixed,1024,0,0,False
vllm,cpu,1024,1,after_pressure,22.438786923885345,112.22782358527184,external,1024,0,0,False
vllm,cpu,1024,2,cold,118.04646626114845,208.2386054098606,miss,0,0,0,True
vllm,cpu,1024,2,hbm_hit,19.568167626857758,109.40757393836975,mixed,1024,0,0,True
vllm,cpu,1024,2,after_pressure,22.621143609285355,112.33348771929741,external,1024,0,0,True
vllm,cpu,1024,3,cold,118.14620345830917,208.2798406481743,miss,0,0,0,True
vllm,cpu,1024,3,hbm_hit,19.699689000844955,109.53927040100098,mixed,1024,0,0,False
vllm,cpu,1024,3,after_pressure,22.481821477413177,112.21703141927719,external,1024,0,0,False
vllm,cpu,1024,4,cold,118.1582324206829,208.23385939002037,miss,0,0,0,True
vllm,cpu,1024,4,hbm_hit,19.62512359023094,109.56054925918579,mixed,1024,0,0,True
vllm,cpu,1024,4,after_pressure,22.369153797626495,112.25823685526848,external,1024,0,0,True
vllm,cpu,4096,0,cold,475.7457561790943,570.2622383832932,miss,0,0,0,True
vllm,cpu,4096,0,hbm_hit,21.666936576366425,113.56234550476074,mixed,4096,0,0,True
vllm,cpu,4096,0,after_pressure,33.12639892101288,124.93894249200821,external,4096,0,0,True
vllm,cpu,4096,1,cold,475.70057958364487,570.1559372246265,miss,0,0,0,True
vllm,cpu,4096,1,hbm_hit,21.757706999778748,113.57946321368217,mixed,4096,0,0,True
vllm,cpu,4096,1,after_pressure,32.91226178407669,124.6553510427475,external,4096,0,0,True
vllm,cpu,4096,2,cold,475.83577409386635,570.0330100953579,miss,0,0,0,True
vllm,cpu,4096,2,hbm_hit,22.561892867088318,114.37524110078812,mixed,4096,0,0,True
vllm,cpu,4096,2,after_pressure,32.7766053378582,124.90798532962799,external,4096,0,0,True
vllm,cpu,4096,3,cold,475.90798139572144,570.0824372470379,miss,0,0,0,True
vllm,cpu,4096,3,hbm_hit,21.766256541013718,113.66047337651253,mixed,4096,0,0,True
vllm,cpu,4096,3,after_pressure,32.63914957642555,124.50497969985008,external,4096,0,0,True
vllm,cpu,4096,4,cold,476.0306254029274,570.2159032225609,miss,0,0,0,True
vllm,cpu,4096,4,hbm_hit,21.85528725385666,113.63071575760841,mixed,4096,0,0,True
vllm,cpu,4096,4,after_pressure,32.72837772965431,124.6168501675129,external,4096,0,0,True
vllm,cpu,8192,0,cold,1006.233636289835,1117.0543767511845,miss,0,0,0,True
vllm,cpu,8192,0,hbm_hit,24.928394705057144,121.17261812090874,mixed,8192,0,0,True
vllm,cpu,8192,0,after_pressure,48.049960285425186,144.11889016628265,external,8192,0,0,True
vllm,cpu,8192,1,cold,1006.4734295010567,1117.1973161399364,miss,0,0,0,True
vllm,cpu,8192,1,hbm_hit,24.976078420877457,120.9510900080204,mixed,8192,0,0,True
vllm,cpu,8192,1,after_pressure,47.70440608263016,143.89968290925026,external,8192,0,0,True
vllm,cpu,8192,2,cold,1006.3821375370026,1117.890626192093,miss,0,0,0,True
vllm,cpu,8192,2,hbm_hit,24.50796589255333,121.15788832306862,mixed,8192,0,0,True
vllm,cpu,8192,2,after_pressure,47.81069606542587,143.81539449095726,external,8192,0,0,True
vllm,cpu,8192,3,cold,1006.2648393213749,1117.3612922430038,miss,0,0,0,True
vllm,cpu,8192,3,hbm_hit,24.897806346416473,121.20671197772026,mixed,8192,0,0,True
vllm,cpu,8192,3,after_pressure,48.07515814900398,144.21747997403145,external,8192,0,0,True
vllm,cpu,8192,4,cold,1008.880015462637,1117.3505447804928,miss,0,0,0,True
vllm,cpu,8192,4,hbm_hit,24.715986102819443,120.95276266336441,mixed,8192,0,0,True
vllm,cpu,8192,4,after_pressure,47.36686125397682,143.53913813829422,external,8192,0,0,True
vllm,orbitkv,1024,0,cold,119.2702129483223,210.33573895692825,miss,0,0,0,True
vllm,orbitkv,1024,0,hbm_hit,21.430153399705887,112.14375123381615,mixed,1023,9437184.0,0.38126000000000004,True
vllm,orbitkv,1024,0,after_pressure,24.348832666873932,115.10122194886208,external,1023,150994944.0,4.707615,True
vllm,orbitkv,1024,1,cold,118.44881251454353,209.59609374403954,miss,0,0,0,True
vllm,orbitkv,1024,1,hbm_hit,19.903328269720078,110.52410677075386,mixed,1023,9437184.0,0.3506730000000001,False
vllm,orbitkv,1024,1,after_pressure,24.158451706171036,114.90407958626747,external,1023,150994944.0,4.6686749999999995,False
vllm,orbitkv,1024,2,cold,118.32080408930779,209.47081595659256,miss,0,0,0,True
vllm,orbitkv,1024,2,hbm_hit,20.104385912418365,110.76761782169342,mixed,1023,9437184.0,0.3481100000000004,True
vllm,orbitkv,1024,2,after_pressure,24.121958762407303,115.05722627043724,external,1023,150994944.0,4.639756,True
vllm,orbitkv,1024,3,cold,118.72061714529991,209.5789648592472,miss,0,0,0,True
vllm,orbitkv,1024,3,hbm_hit,20.14186605811119,110.86345463991165,mixed,1023,9437184.0,0.35300100000000034,False
vllm,orbitkv,1024,3,after_pressure,24.14485812187195,114.73541706800461,external,1023,150994944.0,4.684345000000001,False
vllm,orbitkv,1024,4,cold,118.71328204870224,209.65392887592316,miss,0,0,0,True
vllm,orbitkv,1024,4,hbm_hit,20.02287656068802,110.68844795227051,mixed,1023,9437184.0,0.3436160000000015,True
vllm,orbitkv,1024,4,after_pressure,26.05423703789711,116.32441729307175,external,1023,150994944.0,4.621827000000002,True
vllm,orbitkv,4096,0,cold,476.651594042778,569.5179179310799,miss,0,0,0,True
vllm,orbitkv,4096,0,hbm_hit,22.272568196058273,115.13825505971909,mixed,4095,9437184.0,0.343744,True
vllm,orbitkv,4096,0,after_pressure,33.573564141988754,126.46140530705452,external,4095,603979776.0,12.196021000000002,True
vllm,orbitkv,4096,1,cold,476.4161817729473,569.474071264267,miss,0,0,0,True
vllm,orbitkv,4096,1,hbm_hit,22.3422572016716,115.09983241558075,mixed,4095,9437184.0,0.34709599999999813,True
vllm,orbitkv,4096,1,after_pressure,38.62398490309715,131.44827634096146,external,4095,603979776.0,16.968902,True
vllm,orbitkv,4096,2,cold,476.19544342160225,569.1369846463203,miss,0,0,0,True
vllm,orbitkv,4096,2,hbm_hit,22.445719689130783,115.28677120804787,mixed,4095,9437184.0,0.3523699999999977,True
vllm,orbitkv,4096,2,after_pressure,33.946990966796875,126.7412081360817,external,4095,603979776.0,12.282385999999992,True
vllm,orbitkv,4096,3,cold,476.4121472835541,569.3048015236855,miss,0,0,0,True
vllm,orbitkv,4096,3,hbm_hit,22.185318171977997,115.35802111029625,mixed,4095,9437184.0,0.34436499999999926,True
vllm,orbitkv,4096,3,after_pressure,38.520053029060364,131.31289929151535,external,4095,603979776.0,16.905607000000003,True
vllm,orbitkv,4096,4,cold,476.3544425368309,569.3612731993198,miss,0,0,0,True
vllm,orbitkv,4096,4,hbm_hit,22.07845076918602,114.98009040951729,mixed,4095,9437184.0,0.3492610000000035,True
vllm,orbitkv,4096,4,after_pressure,35.015929490327835,127.79225036501884,external,4095,603979776.0,12.483436000000001,True
vllm,orbitkv,8192,0,cold,1007.0370361208916,1104.5239754021168,miss,0,0,0,True
vllm,orbitkv,8192,0,hbm_hit,24.966474622488022,122.12313711643219,mixed,8191,9437184.0,0.34899300000000577,True
vllm,orbitkv,8192,0,after_pressure,58.195263147354126,154.71846610307693,external,8191,1207959552.0,28.357789000000007,True
vllm,orbitkv,8192,1,cold,1006.9968402385712,1104.4655367732048,miss,0,0,0,True
vllm,orbitkv,8192,1,hbm_hit,25.52581951022148,122.54662811756134,mixed,8191,9437184.0,0.36025200000000535,True
vllm,orbitkv,8192,1,after_pressure,56.01809173822403,153.20933610200882,external,8191,1207959552.0,31.63405999999999,True
vllm,orbitkv,8192,2,cold,1006.6845677793026,1104.1619256138802,miss,0,0,0,True
vllm,orbitkv,8192,2,hbm_hit,25.146443396806717,122.11799249053001,mixed,8191,9437184.0,0.3516729999999968,True
vllm,orbitkv,8192,2,after_pressure,57.442400604486465,154.36283499002457,external,8191,1207959552.0,32.152577999999984,True
vllm,orbitkv,8192,3,cold,1006.8686902523041,1104.3122448027134,miss,0,0,0,True
vllm,orbitkv,8192,3,hbm_hit,25.34281462430954,122.38376587629318,mixed,8191,9437184.0,0.35732199999999326,True
vllm,orbitkv,8192,3,after_pressure,54.11279946565628,151.0157249867916,external,8191,1207959552.0,28.79202,True
vllm,orbitkv,8192,4,cold,1006.7173279821873,1104.4116131961346,miss,0,0,0,True
vllm,orbitkv,8192,4,hbm_hit,25.37614479660988,122.47464060783386,mixed,8191,9437184.0,0.35104299999999533,True
vllm,orbitkv,8192,4,after_pressure,52.95799300074577,149.94577690958977,external,8191,1207959552.0,28.225116999999994,True
sglang,native,1024,0,cold,117.16989800333977,205.51195368170738,miss,0,0,0,True
sglang,native,1024,0,hbm_hit,36.856912076473236,124.45823103189468,hbm,960,0,0,True
sglang,native,1024,0,after_pressure,116.72313138842583,205.00916615128517,miss,0,0,0,True
sglang,native,1024,1,cold,116.64410680532455,204.93551716208458,miss,0,0,0,True
sglang,native,1024,1,hbm_hit,29.613379389047623,117.47991293668747,hbm,960,0,0,True
sglang,native,1024,1,after_pressure,116.82292073965073,205.07638901472092,miss,0,0,0,True
sglang,native,1024,2,cold,117.63947457075119,205.88430762290955,miss,0,0,0,True
sglang,native,1024,2,hbm_hit,28.917312622070312,116.63172394037247,hbm,960,0,0,True
sglang,native,1024,2,after_pressure,117.0482225716114,205.2648402750492,miss,0,0,0,True
sglang,native,1024,3,cold,118.68585646152496,206.69662579894066,miss,0,0,0,True
sglang,native,1024,3,hbm_hit,28.73924747109413,116.38728156685829,hbm,960,0,0,True
sglang,native,1024,3,after_pressure,116.65670946240425,204.8848234117031,miss,0,0,0,True
sglang,native,1024,4,cold,116.88580363988876,205.06037771701813,miss,0,0,0,True
sglang,native,1024,4,hbm_hit,28.550907969474792,116.1561943590641,hbm,960,0,0,True
sglang,native,1024,4,after_pressure,117.10502579808235,205.1410898566246,miss,0,0,0,True
sglang,native,4096,0,cold,472.12817519903183,563.4011849761009,miss,0,0,0,True
sglang,native,4096,0,hbm_hit,29.180128127336502,120.06235495209694,hbm,4032,0,0,True
sglang,native,4096,0,after_pressure,472.33496606349945,563.3145608007908,miss,0,0,0,True
sglang,native,4096,1,cold,472.32764959335327,563.3327774703503,miss,0,0,0,True
sglang,native,4096,1,hbm_hit,29.563646763563156,120.36625668406487,hbm,4032,0,0,True
sglang,native,4096,1,after_pressure,472.1421040594578,563.1769001483917,miss,0,0,0,True
sglang,native,4096,2,cold,472.48515859246254,563.6251382529736,miss,0,0,0,True
sglang,native,4096,2,hbm_hit,29.068484902381897,119.88798528909683,hbm,4032,0,0,True
sglang,native,4096,2,after_pressure,472.1939340233803,563.2419623434544,miss,0,0,0,True
sglang,native,4096,3,cold,472.4782183766365,563.357837498188,miss,0,0,0,True
sglang,native,4096,3,hbm_hit,30.130911618471146,120.99340930581093,hbm,4032,0,0,True
sglang,native,4096,3,after_pressure,472.7974086999893,563.9656819403172,miss,0,0,0,True
sglang,native,4096,4,cold,472.2191281616688,563.4551756083965,miss,0,0,0,True
sglang,native,4096,4,hbm_hit,28.978604823350906,119.79090794920921,hbm,4032,0,0,True
sglang,native,4096,4,after_pressure,472.1909128129482,563.5141134262085,miss,0,0,0,True
sglang,native,8192,0,cold,1000.2843402326107,1097.116645425558,miss,0,0,0,True
sglang,native,8192,0,hbm_hit,29.54510599374771,126.15852802991867,hbm,8128,0,0,True
sglang,native,8192,0,after_pressure,999.7218400239944,1096.4948236942291,miss,0,0,0,True
sglang,native,8192,1,cold,999.726265668869,1096.4718274772167,miss,0,0,0,True
sglang,native,8192,1,hbm_hit,29.95532751083374,126.63394212722778,hbm,8128,0,0,True
sglang,native,8192,1,after_pressure,1000.0736117362976,1096.7875830829144,miss,0,0,0,True
sglang,native,8192,2,cold,1000.1044161617756,1096.9013087451458,miss,0,0,0,True
sglang,native,8192,2,hbm_hit,30.415304005146027,127.0349994301796,hbm,8128,0,0,True
sglang,native,8192,2,after_pressure,1000.352256000042,1097.1669517457485,miss,0,0,0,True
sglang,native,8192,3,cold,1000.1793168485165,1096.9604216516018,miss,0,0,0,True
sglang,native,8192,3,hbm_hit,30.112914741039276,126.80890411138535,hbm,8128,0,0,True
sglang,native,8192,3,after_pressure,1000.3316551446915,1097.153190523386,miss,0,0,0,True
sglang,native,8192,4,cold,1000.5305893719196,1097.353558987379,miss,0,0,0,True
sglang,native,8192,4,hbm_hit,30.039750039577484,126.57329812645912,hbm,8128,0,0,True
sglang,native,8192,4,after_pressure,999.8484887182713,1096.7867113649845,miss,0,0,0,True
sglang,cpu,1024,0,cold,118.08495968580246,205.9369832277298,miss,0,0,0,True
sglang,cpu,1024,0,hbm_hit,38.079481571912766,126.29130110144615,hbm,960,0,0,True
sglang,cpu,1024,0,after_pressure,32.69081562757492,120.36338075995445,external,960,0,0,True
sglang,cpu,1024,1,cold,117.34180152416229,205.40908724069595,miss,0,0,0,True
sglang,cpu,1024,1,hbm_hit,29.007047414779663,116.66657775640488,hbm,960,0,0,True
sglang,cpu,1024,1,after_pressure,31.54020383954048,119.32777985930443,external,960,0,0,True
sglang,cpu,1024,2,cold,117.26287007331848,205.2956372499466,miss,0,0,0,True
sglang,cpu,1024,2,hbm_hit,29.04442325234413,116.61745235323906,hbm,960,0,0,True
sglang,cpu,1024,2,after_pressure,31.699232757091522,119.27983537316322,external,960,0,0,True
sglang,cpu,1024,3,cold,117.2584556043148,205.28453588485718,miss,0,0,0,True
sglang,cpu,1024,3,hbm_hit,29.2910635471344,116.54174327850342,hbm,960,0,0,True
sglang,cpu,1024,3,after_pressure,32.36066177487373,119.86587196588516,external,960,0,0,True
sglang,cpu,1024,4,cold,117.59478598833084,205.3961493074894,miss,0,0,0,True
sglang,cpu,1024,4,hbm_hit,28.74048799276352,116.39933288097382,hbm,960,0,0,True
sglang,cpu,1024,4,after_pressure,31.84584528207779,119.37567591667175,external,960,0,0,True
sglang,cpu,4096,0,cold,472.9350619018078,567.1231970191002,miss,0,0,0,True
sglang,cpu,4096,0,hbm_hit,29.265940189361572,120.09276822209358,hbm,4032,0,0,True
sglang,cpu,4096,0,after_pressure,35.88935360312462,127.42064148187637,external,4032,0,0,True
sglang,cpu,4096,1,cold,473.42877835035324,567.5497949123383,miss,0,0,0,True
sglang,cpu,4096,1,hbm_hit,29.29471805691719,120.22555992007256,hbm,4032,0,0,True
sglang,cpu,4096,1,after_pressure,33.685874193906784,124.65563789010048,external,4032,0,0,True
sglang,cpu,4096,2,cold,473.0554074048996,567.9022781550884,miss,0,0,0,True
sglang,cpu,4096,2,hbm_hit,29.546041041612625,120.67507952451706,hbm,4032,0,0,True
sglang,cpu,4096,2,after_pressure,32.953325659036636,123.95793199539185,external,4032,0,0,True
sglang,cpu,4096,3,cold,472.74574264883995,567.0588314533234,miss,0,0,0,True
sglang,cpu,4096,3,hbm_hit,30.0297811627388,121.18323147296906,hbm,4032,0,0,True
sglang,cpu,4096,3,after_pressure,32.79361128807068,123.719971626997,external,4032,0,0,True
sglang,cpu,4096,4,cold,472.9577265679836,567.1137571334839,miss,0,0,0,True
sglang,cpu,4096,4,hbm_hit,29.359951615333557,120.39263173937798,hbm,4032,0,0,True
sglang,cpu,4096,4,after_pressure,32.99352899193764,124.10857528448105,external,4032,0,0,True
sglang,cpu,8192,0,cold,1001.0392889380455,1100.6084121763706,miss,0,0,0,True
sglang,cpu,8192,0,hbm_hit,30.22971749305725,126.99512764811516,hbm,8128,0,0,True
sglang,cpu,8192,0,after_pressure,44.64460909366608,142.00084283947945,external,8128,0,0,True
sglang,cpu,8192,1,cold,1001.0573752224445,1100.5869284272194,miss,0,0,0,True
sglang,cpu,8192,1,hbm_hit,30.048053711652756,126.73859298229218,hbm,8128,0,0,True
sglang,cpu,8192,1,after_pressure,44.55045610666275,142.0561708509922,external,8128,0,0,True
sglang,cpu,8192,2,cold,1000.9785257279873,1100.5531288683414,miss,0,0,0,True
sglang,cpu,8192,2,hbm_hit,30.493661761283875,127.12806090712547,hbm,8128,0,0,True
sglang,cpu,8192,2,after_pressure,44.81066018342972,142.23796874284744,external,8128,0,0,True
sglang,cpu,8192,3,cold,1001.0912641882896,1100.5752049386501,miss,0,0,0,True
sglang,cpu,8192,3,hbm_hit,30.19014000892639,126.92934647202492,hbm,8128,0,0,True
sglang,cpu,8192,3,after_pressure,45.138757675886154,142.5212323665619,external,8128,0,0,True
sglang,cpu,8192,4,cold,1001.704677939415,1101.2542434036732,miss,0,0,0,True
sglang,cpu,8192,4,hbm_hit,31.352031975984573,127.98912823200226,hbm,8128,0,0,True
sglang,cpu,8192,4,after_pressure,45.8267442882061,143.20942386984825,external,8128,0,0,True
sglang,orbitkv,1024,0,cold,118.1955561041832,206.4966782927513,miss,0,0,0,True
sglang,orbitkv,1024,0,hbm_hit,37.268154323101044,125.8196122944355,hbm,960,0,0,True
sglang,orbitkv,1024,0,after_pressure,39.3042266368866,127.23159417510033,external,960,141557760.0,2.941042,True
sglang,orbitkv,1024,1,cold,117.95075982809067,206.35800436139107,miss,0,0,0,True
sglang,orbitkv,1024,1,hbm_hit,29.003087431192398,117.22990870475769,hbm,960,0,0,True
sglang,orbitkv,1024,1,after_pressure,39.310865104198456,127.24405527114868,external,960,141557760.0,2.8731009999999997,True
sglang,orbitkv,1024,2,cold,117.71072819828987,206.09135180711746,miss,0,0,0,True
sglang,orbitkv,1024,2,hbm_hit,29.656827449798584,117.88949742913246,hbm,960,0,0,True
sglang,orbitkv,1024,2,after_pressure,39.17843848466873,127.1301694214344,external,960,141557760.0,2.8728789999999993,True
sglang,orbitkv,1024,3,cold,118.17813664674759,206.37599378824234,miss,0,0,0,True
sglang,orbitkv,1024,3,hbm_hit,29.30651232600212,117.57797375321388,hbm,960,0,0,True
sglang,orbitkv,1024,3,after_pressure,40.355220437049866,127.59751826524734,external,960,141557760.0,2.8719599999999996,True
sglang,orbitkv,1024,4,cold,117.97003820538521,206.3390389084816,miss,0,0,0,True
sglang,orbitkv,1024,4,hbm_hit,32.25993365049362,120.50853669643402,hbm,960,0,0,True
sglang,orbitkv,1024,4,after_pressure,39.54578936100006,127.48267874121666,external,960,141557760.0,2.892835,True
sglang,orbitkv,4096,0,cold,473.1653444468975,564.832367002964,miss,0,0,0,True
sglang,orbitkv,4096,0,hbm_hit,30.243199318647385,122.0160759985447,hbm,4032,0,0,True
sglang,orbitkv,4096,0,after_pressure,50.51206424832344,141.9464498758316,external,4032,594542592.0,12.251035,True
sglang,orbitkv,4096,1,cold,473.25848415493965,564.6683536469936,miss,0,0,0,True
sglang,orbitkv,4096,1,hbm_hit,29.928166419267654,121.64902314543724,hbm,4032,0,0,True
sglang,orbitkv,4096,1,after_pressure,51.98981240391731,143.26945319771767,external,4032,594542592.0,11.667893,True
sglang,orbitkv,4096,2,cold,473.8129824399948,565.1991218328476,miss,0,0,0,True
sglang,orbitkv,4096,2,hbm_hit,29.60379794239998,121.38096988201141,hbm,4032,0,0,True
sglang,orbitkv,4096,2,after_pressure,50.30054226517677,141.93164929747581,external,4032,594542592.0,13.041574,True
sglang,orbitkv,4096,3,cold,473.71264547109604,564.4337050616741,miss,0,0,0,True
sglang,orbitkv,4096,3,hbm_hit,29.630661010742188,121.48917838931084,hbm,4032,0,0,True
sglang,orbitkv,4096,3,after_pressure,50.82531273365021,142.10835471749306,external,4032,594542592.0,13.533775999999998,True
sglang,orbitkv,4096,4,cold,473.3273983001709,564.7696629166603,miss,0,0,0,True
sglang,orbitkv,4096,4,hbm_hit,29.874682426452637,121.57916650176048,hbm,4032,0,0,True
sglang,orbitkv,4096,4,after_pressure,50.27439445257187,141.78135991096497,external,4032,594542592.0,12.654535999999993,True
sglang,orbitkv,8192,0,cold,1002.0584240555763,1098.4421223402023,miss,0,0,0,True
sglang,orbitkv,8192,0,hbm_hit,30.91263398528099,128.34522500634193,hbm,8128,0,0,True
sglang,orbitkv,8192,0,after_pressure,62.56788596510887,159.6016138792038,external,8128,1198522368.0,25.716618999999994,True
sglang,orbitkv,8192,1,cold,1001.6364008188248,1098.5680222511292,miss,0,0,0,True
sglang,orbitkv,8192,1,hbm_hit,30.65052628517151,128.23700532317162,hbm,8128,0,0,True
sglang,orbitkv,8192,1,after_pressure,62.14161217212677,159.28876027464867,external,8128,1198522368.0,26.557605,True
sglang,orbitkv,8192,2,cold,1001.0689236223698,1098.294384777546,miss,0,0,0,True
sglang,orbitkv,8192,2,hbm_hit,31.13076090812683,128.69884818792343,hbm,8128,0,0,True
sglang,orbitkv,8192,2,after_pressure,62.039315700531006,159.1825969517231,external,8128,1198522368.0,26.136603000000008,True
sglang,orbitkv,8192,3,cold,1001.4098100364208,1098.7479612231255,miss,0,0,0,True
sglang,orbitkv,8192,3,hbm_hit,30.967343598604202,128.33787500858307,hbm,8128,0,0,True
sglang,orbitkv,8192,3,after_pressure,62.03148141503334,159.09364074468613,external,8128,1198522368.0,27.084247000000005,True
sglang,orbitkv,8192,4,cold,1002.4969764053822,1099.5042622089386,miss,0,0,0,True
sglang,orbitkv,8192,4,hbm_hit,30.603043735027313,127.95267254114151,hbm,8128,0,0,True
sglang,orbitkv,8192,4,after_pressure,62.03606352210045,159.0191349387169,external,8128,1198522368.0,26.459182,True
